id,user,created_at,place,text
1078989006975598592,2018-12-29 12:20:00,b'RT @yeahmahasiswa: Malem minggu pertama 2018; jomblo\n\nMalem minggu terakhir 2018; jomblo'
1078277585719590914,2018-12-27 13:13:04,b'Pancen bener disapa mantan marakke kenangane gentayangan meneh nng pikiran \xf0\x9f\x98\xad'
1077903154576904192,2018-12-26 12:25:13,"b'Crito kok anane gur tentng kopi, loro ati, ditinggal rabi. Sadaro ! ndang luru kerjo ramang bombongan \xf0\x9f\x98\x8b'"
1074670089960443905,2018-12-17 14:18:10,b'Nah wong2an kakean mangan remukan ati  wkwk https://t.co/6FTvrtTcm8'
1074639679922724864,2018-12-17 12:17:20,b'PUBG ki opo? Dolanan kok anane ming saut2an cak cuk cak cuk'
1072822936560578560,2018-12-12 11:58:14,"b'Kukira pas aku tibo,Menungso2 sing bien tak tulungi bakale nulungi aku balek. Jebule gur siji loro bahkan raono hahasyu'"
1072821981026775040,2018-12-12 11:54:27,b'Sing loro ora pas atine dipatahke zangmu. Ning dipatahne wongtuamu \xf0\x9f\x92\x94'
1072821315059367937,2018-12-12 11:51:48,b'Tau dikei harapan nganti saiki dipatahke \nSak patah patahe\xf0\x9f\x98\xa7'
1072050692842377216,2018-12-10 08:49:37,"b'RT @FaktaAgama: Bekal untuk akhirat?\n\nSetiap kali lepas solat,\n\nSubhanallah 33x\nAlhamdulillah 33x\nAllahu Akhbar 34x\nLa illahailallah 100x\xe2\x80\xa6'"
1072043001050882048,2018-12-10 08:19:03,"b'RT @MarnoMbois: Padahal asline aku yo lagi golek gawean, tapi aku meneng. :|'"
1070608965896032259,2018-12-06 09:20:43,"b'RT @LordRio82: Belum ada status, udah dielus elus rambutnya. \nPernah?'"
1068071123345039360,2018-11-29 09:16:14,b'Mbakmbak sehobi kr dee https://t.co/ELANnO4i76'
1068070615179874304,2018-11-29 09:14:13,b'Tapi ada dia \xf0\x9f\x92\x94 https://t.co/tyMMHFYPg9'
1068070492924342272,2018-11-29 09:13:43,b'Rinduku? Jangankan di gagas. Tekan we mbuh mbuhan\xf0\x9f\x92\x94'
1068068272682094594,2018-11-29 09:04:54,b'Hujan dan rindu...kombinasi yang sempurna bukan_-'
1065575742736461825,2018-11-22 12:00:29,b'RT @Greschinov: Pergaulanmu bisa jadi beracun jika:\n- Gaya bicaramu jadi tak sopan.\n- Uangmu cepat habis pas sama mereka.\n- Kamu sering dit\xe2\x80\xa6'
1065572431778041856,2018-11-22 11:47:19,"b'Maaf... tujuanku bukanlah kamu. \nJadi, melepaskanmu bukanlah hambatan untuk mencapai tujuan hidupku _-'"
1065062745815494656,2018-11-21 02:02:01,b'Datang dengan sapa. Pergi tanpa kabar berita \xf0\x9f\x8d\x83'
1064317980387885056,2018-11-19 00:42:35,"b""RT @AfriandaniFauzi: Sinyalmu koyo de'e, lebar teko njuk lungo @IndosatCare"""
1061055685691994112,2018-11-10 00:39:23,b'Aku sing gaweane cengengesan ngene ki nek digawe kuciwo pisan. Yoiso bales lo nde onde\xf0\x9f\x91\xbd'
1059841827304587271,2018-11-06 16:15:57,b'Kenal\xf0\x9f\x91\x89pdkt\xf0\x9f\x91\x89jadian\xf0\x9f\x91\x89bubar\n\nNgono terus njur kapan rabine \xf0\x9f\x98\x91'
1059841043074433025,2018-11-06 16:12:50,"b'Soyo mrene soyo males ngrasakne cinta le ming ngene ngene wae, monoton!'"
1059624058139029504,2018-11-06 01:50:36,"b'RT @Jowohits: Jika kamu memiliki lesung dipipi, bulu tangan yang lebat, pendek, mungil dan pesek kamu termaksud makhluk spesial.'"
1055103115622379522,2018-10-24 14:26:00,b'Ojo omong sayang nek wanine mung nyawang.\nOjo gur wani nyawang nek tenanan sayang\xf0\x9f\x92\x94'
1055100345360109569,2018-10-24 14:14:59,"b'Ekspetasi : ""Aku sayang kamu"". ning bribikane sak latar\n\n Realita : ""aku sawang kamu"".'"
1055098254919008257,2018-10-24 14:06:41,b'Bahkan ora gur aku sing ono ning atimu. ko ngono kui mbok omong koe sayang aku ? Untalen mas \xf0\x9f\x98\xa9'
1054712639488577536,2018-10-23 12:34:23,"b'RT @Ndepis14: Otewe kondangan neng mantan, doakan saya agar supaya tidak terjadi kesurupan.'"
1053597239543660544,2018-10-20 10:42:11,"b'koe (?) Menungso sing pernah singgah , sakdurunge milih pindah \xf0\x9f\x8d\x83'"
1048613962508513280,2018-10-06 16:40:25,"b'""Konco lan tonggo""\nPodo podo due cangkem le mateni \xf0\x9f\x98\xa5'"
1046351142865629185,2018-09-30 10:48:47,"b'RT @MarnoMbois: Dino iki aku sadar akan sesuatu. Ternyata kerjo kui sing penting seneng, nyaman, ikhlas. Perkoro duit kui urusan nomer siji.'"
1040518605656416256,2018-09-14 08:32:22,b'Opo yo gur aku sing ratau njajal desc rate ning history instagram\xf0\x9f\xa4\x94'
1026864322251644928,2018-08-07 16:15:07,"b""Mergo ncen gur 'sahabat' sing nikunge paling jago _-"""
1026863753957072896,2018-08-07 16:12:51,"b'@PaiminJK psan smua orang tua untk anaknya:\n\xe2\x9d\x8c dadi anak sng brbkti\n\xe2\x9d\x8cnng dlan rsh ngebut\n\xe2\x9c\x85nk blonjo dinyang. Nk perlu ethok"" lungo bn dundang'"
1025716544095973381,2018-08-04 12:14:15,"b'""Kadang menjadi egois itu perlu, bukan cuma buat mempertahankan org yg lo sayang, tapi juga untuk menjaga perasaan lo sendiri "" \xf0\x9f\x98\x94'"
1024281681295884288,2018-07-31 13:12:37,"b'Perasaan yang dulunya melebarkan sayap, sekarang harus redup karena baru saja dipatahkan oleh tujuannya\xf0\x9f\x98\x96'"
1020715174888497157,2018-07-21 17:00:36,"b'Modal setia kr gemati tok yo ilang zangmu. Ddi wng wedok yo kdu pinter krjo ben ra stik2 njagakke wnglio, ra ming diidak idak wng lanang \xf0\x9f\x92\x85'"
1020714699518750721,2018-07-21 16:58:42,b'Soal tresno ki saiki yo ojo gur modal mekso. Sadar diri sadar posisi ki yo perlu \xf0\x9f\x98\x8f'
1020273248343216128,2018-07-20 11:44:32,b'RT @Mustofa22811107: Tentangmu; \nAku bukanlah pelupa yang baik \xf0\x9f\x98\x8a\n\n@AniMafiro https://t.co/K21r2tsM0j'
1015408929231138816,2018-07-07 01:35:28,b'Alasan ratau pasang foto pacar?\n\n1. Njogo atine bribikan \xe2\x9d\x8c\n2. Samar konangan selingkuh \xe2\x9d\x8c\n3. Ra due pacar \xe2\x9c\x94'
1014495559657259008,2018-07-04 13:06:04,b'Semacam kehilangan selera untuk mencinta siapa siapa -^-'
997863945829474312,2018-05-19 15:37:58,b'Raperlu takon gek ngopo aku ning kene. Mengko koe yo bakal ngerti yen aku gek\n nunggu uwong sing takon karo aku\xf0\x9f\x92\xa6\xf0\x9f\x8d\x83'
994934866864099330,2018-05-11 13:38:51,"b'Berteman ngak boleh milih-milih? Gue sih milih. Yang hobi fitnah, muka dua, mulut lemes, pamer harta, nyinyir, ngapain ditemenin\xf0\x9f\x92\xa6'"
994932682269147136,2018-05-11 13:30:11,b'Koe rapernah ngerti sesedih opo tulisan sing tak gawe seko lungamu\xf0\x9f\x98\xad'
994025449628971008,2018-05-09 01:25:09,b'Nikmati wae roso lorone. Sakorane kui bukti nek koe ijeh menungso sing due ati\xf0\x9f\x92\x94'
993843894109462528,2018-05-08 13:23:43,b'Aku cukup secangkir kopi\xf0\x9f\x91\xa9rausah nganggo gulo. Mergo aku ra seneng pemanis buatan kanggo hal sing wis dikodratke kudu pait \xf0\x9f\x8d\x83'
990217285888393216,2018-04-28 13:12:52,"b'@PaiminJK yang2an ijolan HP, ijolan kertu, ijolan password sosmed ki wis biasa. Gawe sing bedo, misale ijolan morotuo'"
982956542893805569,2018-04-08 12:21:16,"b'""Kenapa suka sama dia?"" \n\n""Alasan ku banyak. Karna terlalu banyak aku sampai tdk tau harus mulai dari mana. Dia istimewa. ""'"
981893745481203712,2018-04-05 13:58:06,b'Tentangmu; \nAku bukanlah pelupa yang baik \xf0\x9f\x98\x8a'
979714574445260801,2018-03-30 13:38:51,b'Kalo kamu nyari yang mulus. Apalah dayaku yang hanya bermodalkan tulus\xf0\x9f\x98\xab'
978968880822431745,2018-03-28 12:15:44,b'Kalau ditanya sekarang musim apa?\nJawab aja lagi musim terjebak rasa nyaman tapi hanya sebatas teman \xf0\x9f\x98\x90\xf0\x9f\x8d\x83'
970862905053753345,2018-03-06 03:25:28,b'Mbien dadi kesayangan saiki dadi sawangan\xf0\x9f\x98\x90 Mbien urep bebarengan saiki mung dadi kenangan \xf0\x9f\x8d\x83'
968489756429463554,2018-02-27 14:15:26,b'Dadi uwong kok seneng bgt nyacati karo menghujat. Kui lambe po habitat kok liar amatt \xf0\x9f\x98\x82\xf0\x9f\x98\x82\xf0\x9f\x99\x8a'
951397753996759040,2018-01-11 10:17:55,"b'RT @KakeanAlesanSu: Alahuma lakasumtu, aku jaluk dongo pangestu, tak go garap ujianku, mugo wae bijiku ora marai mecucu, mergo pengen nyene\xe2\x80\xa6'"
949266366208487424,2018-01-05 13:08:32,"b'""Dadi koe ki konco sing peduli po mantan sing ijeh sayang ? \xf0\x9f\x98\xab ""'"
948825523106414592,2018-01-04 07:56:47,b'Tiwas aku semangat pengen nitip ati. Jebul aku digawe kandas karo onone deknen sing luwih ndisiki'
948734034502283265,2018-01-04 01:53:15,"b'baru saja aku berdamai dengan hati yang kau campakkan, dengan gampang kau usik yang tlah tenang \xf0\x9f\x92\x94'"
945276731706949633,2017-12-25 12:55:09,b'Biyen tekamu ngajak bebarengan \xf0\x9f\x92\x91 saiki gampang mu nekakke bubaran \xf0\x9f\x98\xa5'
943782195713359872,2017-12-21 09:56:24,"b'""Jomblo ki butuh pacar ora quotes !! Nek koe butuh quotes, pacare gawe aku wae, mergo aku jomblo \xf0\x9f\x99\x8a\xf0\x9f\x98\x82\xf0\x9f\x98\x82""'"
943780056710578176,2017-12-21 09:47:54,"b'""Mergo antara bertahan karo melepaskan kui ono PERJUANGAN\xf0\x9f\x98\x90""'"
943663679593103361,2017-12-21 02:05:28,"b'Jatuh cinta sama kamu itu tidak direncanakan. sebab kmu itu dipilih, bukan pilihan \xf0\x9f\x8d\x83\xf0\x9f\x92\xa6'"
941298346353815553,2017-12-14 13:26:28,b'Antara cinta dan luka yang ku dapat ternyata sama-sama memberi bekas kekecewan \xf0\x9f\x98\x92\xf0\x9f\x8d\x83'
941097976151150597,2017-12-14 00:10:16,"b'Bukane aku nolak koe, aku gur emoh koe nitip ati ning aku, wedine mengko aku ra amanah \xf0\x9f\x98\x8a'"
938681062145736704,2017-12-07 08:06:19,b'Saat kamu kembali nanti\nJangan jadi orang lain\nKarna aku juga tidak mencari orang lain \xf0\x9f\x98\x8a\xf0\x9f\x92\xa6'
937280102416576512,2017-12-03 11:19:24,"b'Aku mematahkan banyak hati hanya demi memilih mu. Namun, akupun memilihmu bukan untuk mematahkan hatiku \xf0\x9f\x8d\x83'"
937280102370381825,2017-12-03 11:19:24,"b'Santai saja, Tuhan tau gimana caranya ngirim karma tanpa harus kita pinta :)'"
934738682673631232,2017-11-26 11:00:43,b'Hobi ku ? Memaklumi kamu yang katanya dewasa \xf0\x9f\x98\x85'
928621610180919297,2017-11-09 13:53:39,b'Seprono seprene nek koe diacuhke sambate yo karo kene . Kok lagakmu a nyangkemi modal pede sendiri ~ hah ramutu sri \xf0\x9f\x98\x82'
925950592224129024,2017-11-02 04:59:59,b'Sak elek-eleke kelakuan ku ! Luwih elek sing ngelek-elek aku nang mburi ku ~ ben syuoug'
925944426848968704,2017-11-02 04:35:29,"b'Nakal dikucilin , jahat dijauhin , baik dimanfaatin, ulala deket sama species penikmat micin \xf0\x9f\x98\x82\xf0\x9f\x98\x82'"
925925113882591232,2017-11-02 03:18:44,b'Km mngenal diriku yg periang \nKm mnatapku? tmpak terang \nYg prnah km sdari ak adl bgian dri tipuan \nTawaku adl luka\nMlebihi aku pd dunia \xf0\x9f\x98\x8a \xf0\x9f\x8d\x83'
925679768640503808,2017-11-01 11:03:49,"b'@PaiminJK dadi uwong ki sing sederhana wae, ora kakean cangkem tur yo ra nyangkemi kancane #okesip'"
923902922387202049,2017-10-27 13:23:16,b'Rasah aleman ndadak ngalor ngidul ben di gacar ! Yen koe ncen di tenanani ?  Cukup gogok nunggu diampiri sambi gawani roti \xf0\x9f\x98\x84 ~ enak to sri'
922766952044490752,2017-10-24 10:09:20,"b'Ilang tanpo paran, mlayu tanpo niat golek dalan temu !! Nek wes ko ngno kui aku kudu pasang sabar model njengking po mlumah kang \xf0\x9f\x98\xa4'"
916620886987304960,2017-10-07 11:07:04,"b'Orang jahat terlahir dari orang baik yang tersakiti !!! Jadi kalau aku jahat sama kamu, mungkin dulu kamu pernah nyakitin aku\xf0\x9f\x98\x8a'"
915537961759924224,2017-10-04 11:23:54,"b'""Jangan mnunggu bahagia untuk tersenyum ! Nmun Tersenyum lah untuk bahagia "" \xf0\x9f\x98\x8a'"
913038717857677313,2017-09-27 13:52:48,b'Oh jadi kamu orang nya kaya gitu? Haha Aku ketawa in sambil nusuk nusuk boneka pakek paku hahahasyu'
912900087680036864,2017-09-27 04:41:56,b'Kau bilang berbohong demi kebaikan ? \nNyatanya kebohongan itu hanya demi kebaikanmu dan simpananmu.. tetap saja hatiku yang hancur\xf0\x9f\x8d\x83'
908176075762446336,2017-09-14 03:50:24,"b'Semenjak aku kenal dapurmu, aku dadi paham kepiye pantese pasang topeng tanpo titen ! Hahandasmuh \xf0\x9f\x96\x95\xf0\x9f\x8c\x88'"
907235840706752512,2017-09-11 13:34:14,"b'Kadang kelar mikir ! Ngopo aku mesti di  posisi ke ning ruang serumit rindu, nek ending e kabeh wes jelas yen aku ra mampu \xf0\x9f\x8d\x83\xf0\x9f\x92\x9e'"
907104681683329024,2017-09-11 04:53:03,"b'Kepiye aku iso ngomong yen kabeh iki adil ! Yen dino mu wes terisi tentang wong liyo, Sedangkan ati ku duwe e koe sepenuh e \xf0\x9f\x92\x95'"
904568040947236865,2017-09-04 04:53:21,"b'Yo sepurane mas, yen aku ora macak kekinian podo liyane ! Mergane aku sadar tanggung jawabku luwih gedhe ketimbang gengsiku \xf0\x9f\x98\x8c\xf0\x9f\x92\x84'"
902009888947060736,2017-08-28 03:28:10,"b'Suwun wes berhasil merjuangke rasa nyaman, tetep o mlaku tugasmu iseh jupuk rasa sayangku sing iseh manggon ning lubuk masalalu  \xf0\x9f\x8d\x83\xf0\x9f\x98\x8c'"
899875240141930496,2017-08-22 06:05:50,"b'Singkat cerita, aku sayang koe sepenuhnya sedangkan koe sayang aku seperlunya ~ hasyu ya'"
899275361229221889,2017-08-20 14:22:08,"b'Nk aku kok ora nuntut werno2 sko koe, bkan brarti aku ki ra pduli ! Prcoyo o nk iki coro ku anggone gawe koe candu lan krasan nng posisimu ~'"
899271025673641984,2017-08-20 14:04:54,b'Jarak berhak nguji sepandai opo wektu mampu nahan awakdewe pas kangen durong sempet dadi temu \xf0\x9f\x92\x9d'
898888287279960065,2017-08-19 12:44:02,b'Kabeh iseh podo !\nAku bahagia mbok glendengi aku susah mbok adohi ~ ncen asuii'
898018414056177664,2017-08-17 03:07:28,"b'RT @penakdewe: Pas koe berjuang nggo ngolehke sek mbok snenegi. Dino iki juga 72 tahun lalu ono sek berjuang nggo koe,aku lan kabeh demi in\xe2\x80\xa6'"
895655721265537024,2017-08-10 14:38:59,"b'Nek golekan mu wedokan sing pinter macak, nganggo pakaian bolong2, Opo sing ijeh kanak kanak. Apalah dayaku sing wes tuo isone mung mayak :v'"
895176752456249347,2017-08-09 06:55:44,b'Oj prcyo dapure mntan sng omonge ijh sayang. Yakino ! Nk syang ra mngkn byen nnggal.. mngkn koe dadekne plarian mrgo dee klaran kr sng anyar'
892994777829974016,2017-08-03 06:25:20,"b'Semenjak koe online ning raono niatan meh bales chat ku, sejak kui juga aku ono niatan ora meh neruske rasa ku \xf0\x9f\x98\xa5\xf0\x9f\x8d\x83'"
892942672037421056,2017-08-03 02:58:17,"b'Aku sing semedi, koe sing sekti ? Haha iyo !! Koe sekti biso ilang ninggali janji \xf0\x9f\x8d\x83\xf0\x9f\x92\x94'"
892392057955688448,2017-08-01 14:30:21,b'Tumben wong iki ngakoni awakne dewe\xf0\x9f\x98\x82njir mbadut wong kelaran https://t.co/dqtZTjD48D'
892254007942500352,2017-08-01 05:21:47,b'Wish? Agustus ? Rejeki meletus letus \xf0\x9f\x98\x8a\xe2\x98\x9d'
892016299781398529,2017-07-31 13:37:13,"b'Nek biyen koe janji ora bakal pernah ngolehke aku nangis !! saiki koe malah dadi penyebab^e, Penyebab aku ngalami hal kui \xf0\x9f\x92\x94\xf0\x9f\x98\xad\xf0\x9f\x8d\x83'"
891833832051138560,2017-07-31 01:32:09,b'@BellaRdhani amin amin makasih tayang \xf0\x9f\x98\x98\xf0\x9f\x98\x8d'
891833038018977793,2017-07-31 01:29:00,"b'RT @BellaRdhani: Sugeng tanggap warsa @AniMafiro tambah sik apik-apik yaa , panjang umur sehat terus \xf0\x9f\x98\x98\xf0\x9f\x90\xa3'"
891521101632647168,2017-07-30 04:49:28,b'Jangan bangga dipanggil ^sayang^ ! Makanan yang jatuh sebelum 5 menit aja juga dipanggil sayang'
889852661742174208,2017-07-25 14:19:41,"b'Pas bengi tau ngimpi, yen aku ro koe bkale gndengan ddi siji ? haha iyo, nng saiki aku sadar nek kabeh kui yo gur sbtas ngimpi'"
889850889887817728,2017-07-25 14:12:39,b'Aku mundak lemu mundak memels? Ekek hayok jelas to  ! Lha wong manganku we sego ra koyo koe mangan mu konco !'
889838637335969792,2017-07-25 13:23:58,b'Ati ki yo iso mritili nek ratau mbok hargai \xf0\x9f\x92\x94\xf0\x9f\x8d\x83'
889135980195717120,2017-07-23 14:51:51,b'Semua orang baik dengan mu ! \ntapi tidak semua orang menyukai kamu \xf0\x9f\x8d\x83'
887471394841178112,2017-07-19 00:37:23,"b'Rasah takon ngopo aku berubah !\nTontonen wae kae powerrangers, kae berubah nek ono sing ra beres ~ tekan kene paham mas !!'"
887257776124116993,2017-07-18 10:28:32,"b'Aku itu ganjil !\nDan beruntung nya aku, bahwa tuhan telah menciptakan kamu buat jadi genah dalam hidupku \xf0\x9f\x92\x9d'"
886765637669765120,2017-07-17 01:52:57,"b'Izinke aku dadi sing terbaik gawe koe. Nek aku rung bener, ojo lungo ! Perbaiki wae aku lan sikapku \xf0\x9f\x98\x8a'"
886765166532087809,2017-07-17 01:51:05,"b'Percoyo o, ngolek topik pembicaraan ra segampang koe ngeread tok \xf0\x9f\x98\xa5'"
885864806724456448,2017-07-14 14:13:23,b'Mangsane nghapus perasaan ki segampang nghapus history chat !! Ha ndassmuiii \xe2\x9b\x8f\xf0\x9f\x94\xaa\xf0\x9f\x92\x94'
884381167725584384,2017-07-10 11:57:56,b'Aku ncen ratau bosen dadi cah sing apikan ! Ning aku yora omong yen aku ki raiso mbajing !! \n*rodokkemaki*'
883728577002217473,2017-07-08 16:44:46,b'Seko kene ak pham! Yen koe tnanan ameh ngjak ak gndengn koe bkal ngrti kpye crane gwe atiku prcyo ora mah pamer lehmu fto breng wedokan liyo'
883636471625785344,2017-07-08 10:38:46,"b'Kabeh kabeh kok tentang konco ! Duwe pacar ditikung konco, jomblo dibully konco, tiwas wes serius isih wae mung dianggep konco. Hmmm \xf0\x9f\x98\x93'"
883121068902301698,2017-07-07 00:30:45,"b'Pamer jomblo po pacaran ra masalah, lha wong nek foto KTP tep dewean kok ora gandengan \xf0\x9f\x98\xa5\xf0\x9f\x8d\x83'"
882382367700041728,2017-07-04 23:35:24,"b'""Pagiku masih sama seperti biasa diganggu rindu dan dicaci bayangmu\xf0\x9f\x98\x8a \xf0\x9f\x92\x9d""'"
882233375850758144,2017-07-04 13:43:22,"b'""Bukane dee rapeka nanging koe wae sing terlalu mekso ati ameh duweni nganti koe lali yen rencana tuhan kui luwih pasti lan patut disyukuri""'"
882221154835898368,2017-07-04 12:54:48,b'Mayar kui. Nek sayang karo jodho uwong ki rasah nemen nemen wong ra bayari \xf0\x9f\x98\x92 https://t.co/ArUnuZgwhL'
882216752746082306,2017-07-04 12:37:19,b'Untung sayange semene \xf0\x9f\x91\x8c dadi lungo tak dada dada malah *aku ncen kemaki* https://t.co/KpdKKprim4'
882159907587235841,2017-07-04 08:51:26,b'RT @PrekkYa: Follow nih yang manis2 dr magelang @AniMafiro'
882108412846252033,2017-07-04 05:26:49,b'@PrekkYa folback kak'
881887457800708096,2017-07-03 14:48:49,"b'Aku ra milih lungo ning koe sik gawe aku lungo . Ngenengke aku pas sayang2e, ngacuhke aku pas kangen2e \xf0\x9f\x98\xab ~ koe ncen empus'"
880351821973266432,2017-06-29 09:06:45,b'Bukannya gak peduli kata orang. Tapi ku yang tak suka ngurusin orang \xf0\x9f\x98\x92 bukannya ku cari perang. Tapi masing masing kita kan punya jalan \xf0\x9f\x91\xaf'
880350825272418305,2017-06-29 09:02:47,"b'""Jangan khawatir jika kamu dibenci seseorang. Tapi khawatir lah jika kamu mulai bisa membenci seseorang\xf0\x9f\x98\x89""'"
879876108723683329,2017-06-28 01:36:26,b'Yo (mungkin) aku ncen konco elekmu. Ning keelekanku ra pernah tak bagekke nang konco kan ya \xf0\x9f\x92\x8b\xf0\x9f\x92\x85'
879841568798031872,2017-06-27 23:19:11,b'Lalu mana yang terbaik menurudmu? Aku dengan segala kesederhanaan ku atau dia dengan segala kemewahan nya \xf0\x9f\x98\x95'
879572116617568256,2017-06-27 05:28:28,"b'Hargai dahulu ibu dan wanita mu, barulah kau belajar tentang harga diri \xf0\x9f\x8d\x83'"
879477619787317248,2017-06-26 23:12:59,b'Sopo sing peduli karo sing uwong liyo pikirke ! Nyatane mikirke ati mu kui luwih penting \xf0\x9f\x98\x84 akuoug'
879476644628516864,2017-06-26 23:09:06,b'Menilai orang dari cerita orang. Ibarat kamu makan apa yang sudah dicerna orang. Enak ? \xf0\x9f\x98\x84'
878981107194019841,2017-06-25 14:20:01,b'Lebaran kui hari kemenangan ! Tapi mbuh ngpo aku ratau iso menang bab ngolehke aty mu \xf0\x9f\xa4\x94\xf0\x9f\x98\x92'
878801889906655232,2017-06-25 02:27:52,b'Minal aidin walfaidzin\xf0\x9f\x99\x8f\nmohon maaf lahir dan batin\xf0\x9f\x91\xab'
877921704416129025,2017-06-22 16:10:19,b'Koe ncen ra tau diri !! Pas aku ws nng thap akhir mrelakan. Koe teko mneh ngajak ak gyonan lan guyu bbarengan \xf0\x9f\x8d\x83\n\n~ambrol mas prtahanan ku \xf0\x9f\x98\xa2\xf0\x9f\x98\xa5'
877916855716913152,2017-06-22 15:51:03,"b'Aku gah koe kesenengen di oyak, mengko koe mlayu terlalu adoh \xf0\x9f\x98\x90'"
877868575872045056,2017-06-22 12:39:13,b'Rasah baper !! De^e gur sewates mampir ora ameh taken \xf0\x9f\x98\xa5\xf0\x9f\x8d\x83'
877327971790475264,2017-06-21 00:51:03,"b'RT @gagalsangar_: Ras menungso terlemah adalah ; mereka"" sing nyinyir nyindir wong liya lewat status \xf0\x9f\x98\x8f lereno, HP mu cas en sik!'"
877186510897913856,2017-06-20 15:28:56,b'Insting berbohong mu alami sekali seperti bernafas \xf0\x9f\x8d\x83\xf0\x9f\x98\x92'
876784896357748737,2017-06-19 12:53:03,b'Jangan pikirin dia !! Pikirin hati mu sendiri yang terluka karna suka sama dia \xf0\x9f\x92\x94\xf0\x9f\x8d\x83 ~'
876668861394833412,2017-06-19 05:11:58,b'Getun kui manggone ning mburi. Mulane nak rak gelem getun ojo main mburi \xf0\x9f\x98\x95'
876550089094737920,2017-06-18 21:20:01,"b'Stidak^a jngan beri ak hrapan brlebihan. Ttg bgaimna kita brsma, sling mncintai, dn mlengkapi. Saat km tau bhwa smua itu tdak mngkin trjadi~'"
876436925132840960,2017-06-18 13:50:21,"b'""Fokus sama satu laki laki lebih menantang daripada sibuk dengan banyak lelaki \xf0\x9f\x98\x8a""'"
876067165757034497,2017-06-17 13:21:03,b'Rasah sombong-sombong !! Kapan ulang taun? Meh tak kado koco gede \xf0\x9f\x98\x88\xf0\x9f\x94\xaa'
876026847246430209,2017-06-17 10:40:50,"b'""Kamu itu sebenarnya lucu ! Cuma lucu nya beda, gak bikin ketawa tapi bikin sayang \xf0\x9f\x98\x99\xf0\x9f\x98\x8a\xf0\x9f\x92\x8b""'"
876026008075358208,2017-06-17 10:37:30,"b'Saat kamu menginginkan orang yang tidak menginginkan kamu, seharusnya kamu tau bahwa itu bukan cinta melainkan obsesi \xf0\x9f\x99\x85\xf0\x9f\x99\x88'"
875869635618390016,2017-06-17 00:16:08,b'Janji dibuat untuk ditepati ! Bukan kalimat penenang dan bikin baper \xf0\x9f\x99\x8d\xf0\x9f\x99\x80'
875868634098180096,2017-06-17 00:12:09,"b'""Katanya kamu mau sama aku, kalau mau sini dekat aku. Biar kamu nya bahagia dan aku dapat pahala""'"
875867994693357568,2017-06-17 00:09:37,b'Dihargai bukan berarti dirupiah kan \xf0\x9f\x99\x8f'
875653563770322948,2017-06-16 09:57:33,b'Setidaknya teman rasa pacar atau pacar rasa teman lebih terhormat daripada pacari teman pacar\xf0\x9f\x98\x8a\xf0\x9f\x98\x87'
875652727509893121,2017-06-16 09:54:13,b'Pertemuan kita; dua cerita yang belum sempet diberi nama ~ ajurkang\xf0\x9f\x92\x94'
875644274146131968,2017-06-16 09:20:38,b'Aduh simbok kelepasan nek omong. Punten neng \xf0\x9f\x99\x8a https://t.co/L4WJ9CHX9n'
875532543612788736,2017-06-16 01:56:39,b'Cuma mendekat gak berbuat gapapa \xf0\x9f\x98\x82\xf0\x9f\x99\x8a https://t.co/f0CaMjxFQ5'
875527593251950592,2017-06-16 01:36:59,b'A sosuit. Sini mendekat biar lebih nikmat \xf0\x9f\x98\x99 https://t.co/df4JMotmXe'
875311286199779328,2017-06-15 11:17:27,b'Mundur alus karo dada-dada \xf0\x9f\x98\x99 Semoga bahagia dengan dia \xf0\x9f\x8d\x83\xf0\x9f\x92\xa6'
875293476094484482,2017-06-15 10:06:41,b'Wong kok jahate kebangetan ! Yomen deng ben neroko dipanggoni dewe _^_'
874222501768830977,2017-06-12 11:11:01,b'Done dek https://t.co/npNsGFcMRc'
874110387343335424,2017-06-12 03:45:31,b'Aku egois? Yen aku egois koe ki wes tak pateni ben raono uwong sing duweni koe sakliyane aku \xf0\x9f\x92\xa6'
873903517840179200,2017-06-11 14:03:29,"b'Sealay alayne aku, aku ratau nge status ""yang jomblo taken yuk!"" \xf0\x9f\x98\xb2ngilani cuk \n\n~akuNcenKemaki'"
873755699959877632,2017-06-11 04:16:07,b'Kadang kabeh hal sing koe lakoni danggep salah nng matane de^e ? Mungkin kui slah siji kode supoyo koe ki nyobo pindah ning ati liyane \xf0\x9f\x8f\x83'
873751568981438464,2017-06-11 03:59:42,b'Done https://t.co/A6Vv4Os0OM'
873750777537249285,2017-06-11 03:56:33,"b'Enggak gendud kok, cuma memel mempesona \xf0\x9f\x98\x98\xf0\x9f\x98\x8a\xf0\x9f\x92\x8f'"
873740634200428546,2017-06-11 03:16:15,"b'Aku ki simple ! yen bhgia yo nguyu, yen sedih yo nngis, yen lucu yo ngekek, yen sayang yo tak jogoni, yen raono kepastian yo tak tinggal _^_'"
873533289750904838,2017-06-10 13:32:20,b'Tau digeguyu kro wong wongan ramutu. Sek isone mung ngrendahke ak. Tp delok ssuk nk ws saate wong kui bakal brlutut nng ngisor ksuksesanku \xf0\x9f\x98\x8b'
873531980222046209,2017-06-10 13:27:08,"b'Jadilah pasangan seperti kopi, Tak pernah menghianati selalu setia menyemangati :v\n ~heuuu'"
873472325672288257,2017-06-10 09:30:05,"b'Kamu sangat hebat dalam hal mendua, aku pun begitu hebat berpura pura bahagia untuk menyimpan luka yang mendera\xf0\x9f\x92\x94\xf0\x9f\x92\xa6'"
872744274269319168,2017-06-08 09:17:04,"b'""Orang lain sibuk nyacati , kita sibuk membuat iri \xf0\x9f\x92\xa6""'"
872613553181573120,2017-06-08 00:37:38,"b'Semenjak disamping mu , kini aku merasakan hal yang membuat aku nyaman hingga aku lupa jika aku pernah terluka ~ cuirr \xf0\x9f\x98\x8d\xf0\x9f\x98\x8d'"
872017144350818305,2017-06-06 09:07:43,b'Yen yhangmu megat kowe kok alesan mergo koe lemu. Wes rasah tangisi rasah gondeli . Ncen dasare kan asu senenge balung \xf0\x9f\x90\xb6\xf0\x9f\x99\x8a'
872009237966200832,2017-06-06 08:36:18,b'Bersabarlah lebih lama\nKarna madu tidak muncul dalam waktu sehari dua hari \xf0\x9f\x92\xa3\xf0\x9f\x92\x94'
871858210931593216,2017-06-05 22:36:10,"b'Nek chatmu kok gur di woco yo sing sabar rausah misuh misuh . Mergo biyen Rasulullah ngajarke awkdwe kon ""bacalah"" dudu ""balaslah"" \xf0\x9f\x92\xa6'"
871751803724906496,2017-06-05 15:33:21,b'Seneng ku ngrangkai kata dadi angel nek kon ngrangkai kita ~'
871408507735560194,2017-06-04 16:49:12,"b'""Tuhan, ngomong o nek iki gur sekedar pertemuan sing kebetulan. Ben aku ra terlalu ngarep ning endinge.""'"
871361644802097152,2017-06-04 13:42:59,"b'""Bintang itu indah, tapi susah digapai. Sama kayak aku waktu suka sama kakak, kakak itu indah tapi susah bgt didapetin"" _^_'"
871239534024851456,2017-06-04 05:37:46,"b'Kadang luwih apik ngadohi uwong. Bukane wes mandeg anggone nresnani, nanging gur nglindungi ati ben ra keloro2 lan endinge mati roso\xf0\x9f\x92\x94'"
871238123392344064,2017-06-04 05:32:10,"b'Sakjane golek penggantimu ki gampang, sing angel ki nglalekke kenanganmu \xf0\x9f\x8d\x83\xf0\x9f\x92\xa6'"
870963212786814976,2017-06-03 11:19:46,"b'Sing paling marakke mood anjlok ki , pas asik asike chattingan mendadak koe ilang tanpo pamitan \xf0\x9f\x98\xa5 \xf0\x9f\x8d\x83'"
870850540502007808,2017-06-03 03:52:03,"b'Jika cinta kau musuhi , semoga bukan rindu yang mengajakmu berkelahi \xf0\x9f\x92\x9e'"
870530880967589888,2017-06-02 06:41:50,b'Kamu harus bahagia meski bukan denganku\xf0\x9f\x98\x96 tapi kamu juga harus tau aku benci kalimat itu \xf0\x9f\x8d\x83\xf0\x9f\x92\xa6'
870528349671641089,2017-06-02 06:31:46,"b'Rasah repot"" ndadak apikan karo aku, hambokyo apikmu kongopo ning ati ku bacud cacat mergo polahmu \xf0\x9f\x98\x9e'"
870514935498919936,2017-06-02 05:38:28,"b'Nglilakno lan nglalekno, tulisane sekilas ameh podo, manggone ning zona terakhir babagan tresno sing marai ngerus dodo \xf0\x9f\x98\xa2\xf0\x9f\x8d\x83\xf0\x9f\x92\xa6'"
870122470098870273,2017-06-01 03:38:57,"b'Jajalo gandeng tangan ku nek koe pengen genah kepiye rasane digandeng cah cengengesan, dijamin asmara mu bakale ngukir akeh keharmonisan \xf0\x9f\x98\x8a\xf0\x9f\x92\xa6'"
869737761439309826,2017-05-31 02:10:15,"b'Gue emang gak secantik mantan lo, tapi gue bisa bikin lo bahagia nglebihin mantan lo \xf0\x9f\x98\x84akuoug'"
869196002464419840,2017-05-29 14:17:30,b'Yen koe wes numbuh ke roso. Tulong ojo gawe aku kuciwo gur mergo omonganmu sing ra nyoto \xf0\x9f\x98\xa2 \xf0\x9f\x8d\x83'
869086724537827331,2017-05-29 07:03:16,b'RT @xherdi_: Tumben yo garap mtk lancar \xf0\x9f\x91\x8d\xf0\x9f\x98\x8d@AniMafiro \xf0\x9f\x98\x80'
868816731539505152,2017-05-28 13:10:25,"b'Terima kasih rasa, lagi lagi kau berhasil retakkan hatiku dan hancurkan mimpi yang kubangun \xf0\x9f\x92\x94\xf0\x9f\x98\xa2'"
868432570219847681,2017-05-27 11:43:54,b'Tresno ki kadang koyo kripik telo \xf0\x9f\x8d\xa0\nIso remuk nek ora atiati nek gowo \xf0\x9f\x92\x94\xf0\x9f\x8d\x83'
868262752447381505,2017-05-27 00:29:06,"b'Ketimbang kowe menghakimi aku tentang masalalu, hambok koe rene ngancani aku memperindah masadepan \xf0\x9f\x98\x8a\xf0\x9f\x99\x86'"
867781733449515012,2017-05-25 16:37:42,"b'Disaat aku sudah merasa nyaman, hal yang paling aku takut kan adalah kamu berubah tanda alasan _,_'"
867532929563377664,2017-05-25 00:09:03,"b'Ikuti karepe ati , masio kadang patio nglarani ning percoyo o seiring waktu awkdewe bakal ngolehke esem gemuyu sing ngukir sahdu \xf0\x9f\x92\x9d'"
867353410458181632,2017-05-24 12:15:42,"b'Luput kangmas , babagan cinta aku mancen payah. Tapi percoyo o mlaku karo aku bakal ngalami ngukir kisah sing rabakal marai sayah \xf0\x9f\x98\x8a'"
867348963648716801,2017-05-24 11:58:02,"b'Cuma butuh waktu seminggu kamu bisa buat aku jatuh cinta, tapi butuh waktu ber bulan2 bahkan bertahun2 untuk aku  bisa melupakanmu _""_'"
867285209363828736,2017-05-24 07:44:41,b'Kenang aku yen aku ki wedokan sing tetep bersikeras menjuangke koe nek suatu saat kowe ra nemu wedokan koyo aku\xf0\x9f\x8d\x83\xf0\x9f\x98\x8a'
866621243989966848,2017-05-22 11:46:20,"b'Karena sayang kamu itu gak pake alasan, .kalau semisal ada ? Mungkin karna kamu yang sudah terlalu bikin aku nyaman \xf0\x9f\x98\x8a'"
866617583604178944,2017-05-22 11:31:47,b'Bakale selalu ono sebab eluh iki netes embuh kui mergo rindu po mergo nguyumu sing wes dudu gawe aku'
866617064747749378,2017-05-22 11:29:43,b'Mergo ati sing wes ketatu rabakal iso di obati karo sing natu ati  ~yowessri'
866616178990501888,2017-05-22 11:26:12,"b'Dibandingke kowe, roso kangen luwih ngerti kepiye carane nyekso uwong tanpo nibokke eluh \xf0\x9f\x92\x9d'"
866095774291042305,2017-05-21 00:58:18,b'Jangan tanya hatiku untuk siapa? Karna sudah aku jelaskan dengan tindak*an yang nyata _^_'
865865418614886400,2017-05-20 09:42:57,b'Aku memang membencimu.\nAku benci caramu membuatku sangat mencintai dan tak bisa melupakanmu \xf0\x9f\x8d\x83\xf0\x9f\x92\xa6'
865864673744138240,2017-05-20 09:39:59,"b'Yg mulanya bnci bisa mencintai, yg mulanya mnutup akhirnya bsa mmbuka diri. Yg mulanya hnya ad ak dan hanya ad km akhirnya brubah mjd kita\xf0\x9f\x91\xab'"
865863930563878913,2017-05-20 09:37:02,b'Benci sama cinta itu relatif. Kalau sekarang kamu benci setengah mati maka nanti kamu akan cinta setengah mati\xf0\x9f\x98\x8a'
865863461347115008,2017-05-20 09:35:10,b'Semakin mencoba untuk melupakan semakin ku tak bisa mengeluarkanmu dari pikiranku \xf0\x9f\x98\xa9\xf0\x9f\x8d\x83'
865730697800986624,2017-05-20 00:47:37,"b'Ojo mung ngopi, sekali kali ngeteh ben ngerti nek urep ora meng pait ning yo ono sepete barang \xe2\x98\x95\xf0\x9f\x8d\xb5'"
865547596638543872,2017-05-19 12:40:02,"b'Kobong isi ati sak bejate janji,\nLoro sng tak rsakke mrgo disepeleake, atiku ws kjeron nglalekke alon*\nNanging ora iso mrgo kbacut tresno\xf0\x9f\x8d\x83\xf0\x9f\x8e\xa4'"
865521846761934849,2017-05-19 10:57:43,"b'Kadang, sing metu seko lambe ora podo karo sng nng ati. Lambemu ngmong benci ning ati mencintai ~ \n*gengsi bocah saiki \xf0\x9f\x92\xa6'"
865106837565095936,2017-05-18 07:28:37,"b'RT @AkuCahIyess: Jomblo o aku kemaki , rakoyo liyane sing iklan sana sini berkedok nyaman sendiri padahal ngode pengen dipacari -,-'"
864878858499047424,2017-05-17 16:22:43,"b'Terimakasih rasa, kamu mengajarkan ku indahnya menunggu dan sakitnya bertepuk sebelah tangan \xf0\x9f\x90\xb7'"
864876969657155585,2017-05-17 16:15:12,"b'Buat apa aku menyia-nyia kan waktu dan lelah sudah ragaku menunggumu, jika pada akhirnya aku bukan lah ujung dari penantianmu \xf0\x9f\x8d\x83'"
864100493101891585,2017-05-15 12:49:46,b'RT @GheaGisa: Rindu memiliki pacar \xf0\x9f\x98\xa2\nRindu terhadap keindahan itu \xf0\x9f\x98\xb4\xf0\x9f\x98\xb4\nLanggeng aja sama jomblo \xf0\x9f\x98\x82\xf0\x9f\x98\x82'
864066700932599808,2017-05-15 10:35:29,"b'Mergo aku sadar rumus seneng rakudu nduweni. Mulane saiki aku gur dadi pengagum rahasia mu, sakbare kui yo benke wektu sing jawab ~ \xf0\x9f\x8d\x83'"
863555989072519168,2017-05-14 00:46:06,"b'Pas kowe ra pernah duwe wektu gawe ngabari aku, tapi aku selalu ngluangke wektu gawe nunggu kabarmu \xf0\x9f\x8d\x83'"
863020840270442496,2017-05-12 13:19:37,b'Selamat malam ~\nSemoga kamu tidak tenggelam pada rindu yang semakin mendalam\xf0\x9f\x92\x9e'
862866441766174720,2017-05-12 03:06:05,"b'Belajarlah dari masalalu, jalani hari ini dengan baik dan bersiap untuk masa depan \xf0\x9f\x95\xb4\xf0\x9f\x92\x83\xf0\x9f\x8f\x83'"
862866067743424512,2017-05-12 03:04:36,b'Kita tidak akan tau kepada siapa hati berlabuh. Tapi yakinlah dia adalah yang terbaik buat hidup kamu \xf0\x9f\x91\xab'
862299861927862272,2017-05-10 13:34:42,"b'Hati boleh patah, tetapi kehidupan harus tetap berlanjur. Suka atau tidak, kamu harus melangkah untuk bangkit dari sakitnya patah hati \xf0\x9f\x98\x80\xf0\x9f\x8f\x83'"
862224773471797248,2017-05-10 08:36:20,"b'Terima kasih untuk dirimu, yang sudah bergabung dengan semua pikiranku \xf0\x9f\x92\x8b\xf0\x9f\x98\x8d'"
861888465956347907,2017-05-09 10:19:58,"b'""Jika sekolah bukan tempat nya tidur, Maka rumah pun bukan tempat nya tugas."" \xf0\x9f\x98\x8a'"
861819002674229248,2017-05-09 05:43:56,b'@PaiminJK sing kudu dipenjoro kuwi: uwong sing janji sehidup semati nng ninggal pergi rasane pengen tak pateni  \xf0\x9f\x92\xa8'
861817588568834048,2017-05-09 05:38:19,"b'Jatuh cinta padamu membuat aku percaya. Bahwa benar, segala bentuk jatuh meninggalkan luka \xf0\x9f\x8d\x83'"
861816989387415552,2017-05-09 05:35:56,"b'Kubiarkan rindu ini menggumpal, agar pertemuan yang menyiram segala rindu yang sekian lama menjalar \xf0\x9f\x98\x9a'"
861816410896334848,2017-05-09 05:33:38,"b'Belajarlah untuk tidak terlalu peduli, karena peduli pun menyakitkan. Terlebih saat kita sadar bahwa kita tidak sedang diperjuangkan\xf0\x9f\x94\xaa\xf0\x9f\x8d\x83\xf0\x9f\x8f\x83'"
861752364830609408,2017-05-09 01:19:09,b'Sifat terburuk mu itu kamu tidak pernah tau jika memaafkan itu menguntungkan \xf0\x9f\x98\x87'
861751788436766721,2017-05-09 01:16:51,"b'Aku sayang kamu, tapi aku lupa? kamu sayang diya\xf0\x9f\x94\xaa\xf0\x9f\x90\xb7'"
861382201287430144,2017-05-08 00:48:15,"b'Semenjak kekancan karo koe, aku dadi ngerti yen purapura brengsek ki yo perlu\xf0\x9f\x98\x95\xf0\x9f\x91\x8a'"
861215713024909315,2017-05-07 13:46:41,b'Jika menurutmu aku melarikan diri dari kenyataan. Biarkan aku berlari hingga tidak menemukan kenyataan itu \xf0\x9f\x98\x94'
861052588434759680,2017-05-07 02:58:29,b'Ealadalah emak mbrojol. Pibesde mak. Panjang umur shat selalu. Makan makane ditunggu \xf0\x9f\x98\x89\xf0\x9f\x8e\x89\xf0\x9f\x8e\x8a\xf0\x9f\x8e\x81\xf0\x9f\x8e\x8a\xf0\x9f\x8e\x81\xf0\x9f\x8e\x81\xf0\x9f\x8e\x81\n\n@xherdi_'
860837584775258112,2017-05-06 12:44:08,b'@PaiminJK malem minggon nng ngomah ki rasalah. Sing salah ki nek malem minggon neng omahe tanggane teko gubrak gubrak'
860793968388317184,2017-05-06 09:50:49,"b'Karena kamu, aku jadi tau gimana rasanya melayang setinggi langit. Dan karena kamu juga, aku tau rasanya jatuh terhempas ke tanah\xf0\x9f\x92\x94'"
860749734054567938,2017-05-06 06:55:03,"b'Sampai kapan pun, masalalu itu gak akan menang. Karna apa ? Karna masalalu selalu dibelakang \xf0\x9f\x95\xb4'"
860659970722873344,2017-05-06 00:58:21,"b'Ada rasa nyaman, yg tak mampu kuberi alasan saat didekatmu selalu menenangkan dari kgelisahan mmbuatku tak ingin ada waktu yg terlewatkan \xf0\x9f\x98\x8d'"
860659230059057153,2017-05-06 00:55:25,"b'Ada yang berusaha diam dan tidak mengungkapkan perasaannya, karna tidak ingin mengganggumu dengan kekasihmu \xf0\x9f\x98\xa9  ^ada^'"
860399952094142464,2017-05-05 07:45:08,"b'Tresno iku indah, nek menurutmu ora \nMungkin koe salah milih pasangan\xf0\x9f\x98\x8d'"
860030389976408064,2017-05-04 07:16:38,b'Bahkan rindu ku lebih pekat dari secangkir kopi yang kau nikmati \xe2\x98\x95\xf0\x9f\x91\x80'
860026548631486465,2017-05-04 07:01:22,b'Semoga raono konco mesra diantara kita \xf0\x9f\x91\xab'
859773693488119808,2017-05-03 14:16:37,"b'Semua orang bisa berubah \n jadi, jangan suka nilai orang dari masalalu nya \xf0\x9f\x91\x80\xf0\x9f\x92\x90'"
859308587071361025,2017-05-02 07:28:26,b'Seandainya waktu dapat kuputar kembali akan kubuat kisah kita lebih berarti dan tak ada kata untuk mengakhiri \xf0\x9f\x92\x94\n*ash kadal'
859304197950394368,2017-05-02 07:11:00,"b'@PaiminJK glek yang ki sng brpndidikn.Msale nk dijak ngedate nng kafe raglem, gleme dijak nng perpus kro gwo pnganan sko ngomah go rantang'"
859009953347936256,2017-05-01 11:41:47,"b'Nek kowe mlayu, opo aku kudu ngoyak ? Aku ra se lego lan segoblok kui mas\xf0\x9f\x98\x9e\xf0\x9f\x92\x85'"
859009413209661441,2017-05-01 11:39:38,"b'Kebiasaan cewek itu kalau gak laper ya baper, kalau gak gitu ya magerr\nNama nya juga cewek :3'"
858862463885824000,2017-05-01 01:55:42,b'Ayo berfikir jernih ? Nyatanya nahan rindu itu lebih susah daripada nahan anu \xf0\x9f\x98\xae\xf0\x9f\x99\x8a'
858680101835227138,2017-04-30 13:51:04,"b'@PrekkYa dwe knco nk gk btuh ngapik apiki nng nk ws ono knco lyane lali sak pole ro aku, enak e kon kpye min nk knco ko ngno kui'"
858587746314498050,2017-04-30 07:44:05,"b'Rindu itu hantu, dan kamu itu hantunya.. karena setiap malam kamu selalu menghantui aku sehingga aku rindu \xf0\x9f\x92\x9d'"
858271571915358208,2017-04-29 10:47:43,b'Yang sudah terlihat cocok saja \n pas dipasangkan masih bisa mengsle mengsle\xf0\x9f\x98\x95'
858270150381912064,2017-04-29 10:42:04,b'Sendiri itu justru membuat kamu menjadi lebih kuat \xf0\x9f\x92\xaa\nKuat(ir) mau sendiri sampai kapan misale \xf0\x9f\x99\x8a\xf0\x9f\x98\xb9'
858137744559583232,2017-04-29 01:55:56,b'Kowe pikir nresnani uwong ki amal? Tresno kui mergo cinta ora mergo belas kasihan \xf0\x9f\x92\x9d'
857965873398595584,2017-04-28 14:32:59,"b'Kalau kamu ninggalin aku, itu hak kamu\nAsal jangan aku yang ninggalin kamu. Aku takut kamu kecewa \xf0\x9f\x98\x8a\xf0\x9f\x98\xb3'"
857940800432332801,2017-04-28 12:53:21,b'PR ku adalah merindukanmu\nLebih kuat dari matematika\nLebih luas dari fisika\nLebih kerasa dari biologi \n*eakk \xf0\x9f\x92\x9d'
857922759497662464,2017-04-28 11:41:39,b'Bahagia itu sederhana\xf0\x9f\x98\x89\nSesederhana kamu tersenyum dan bersyukur dengan apa yang kamu punya \xf0\x9f\x98\x8a'
857625485676748800,2017-04-27 16:00:24,b'Koe mikir ? Koe ki siji sijine \n*eh jebul koe gur pelarian pas deknen di sia sia ke karo yhange. Kan biyangane \xf0\x9f\x98\xa2'
857565182955896833,2017-04-27 12:00:47,b'Sampaikan salamku untuknya dan lekaslah kau bahagia dengannya yang kau anggap sebagai bidadari dunia\xf0\x9f\x92\x94'
857552589117771776,2017-04-27 11:10:44,b'Yomung jarak lan aktivitasmu sing marakke aku kudu noto ati lan tetep sabar ngadepi ko ngopo abot^e relationship \xf0\x9f\x91\xa5'
857170984004182016,2017-04-26 09:54:22,b'Ujian wes sinau nganti begadang \nNulis jawaban wis enthek kertas pirang2...\nLha kok usaha ne gur dibiji mepet KKM \n*eh kadal \xf0\x9f\x98\x92\xf0\x9f\x98\x96'
856801333193588736,2017-04-25 09:25:31,"b'Tolong jadilah tempat terindah untuk pulang, yang dimana tidak ada drama bertema sandiwara \xf0\x9f\x98\x87'"
856800020875493376,2017-04-25 09:20:18,"b'Bab ati ki rasah dikejar , ning dipejuangke wae secara wajar ~weks'"
856513894486913024,2017-04-24 14:23:20,b'@PaiminJK koe nek pelajaran rasah namatke ngarep iso pora? Mengko nek gurumu baper piye? Koe wes bosen karo aku ? Ngomong!\n#CemburuKiBebas'
856295221969145856,2017-04-23 23:54:24,"b'Menyaksikanmu bahagia sepertinya memang membahagiakan, meski kedengeran menyedihkan _^_'"
856291895420502017,2017-04-23 23:41:11,"b'Masio gawe kesembuhan, sing jenenge melupakan kui tetep nglarani pikiran'"
855631098390364161,2017-04-22 03:55:25,"b'Tulong ojo dadekno aku pelawak pas koe lagi sedih, lan ojo dadekne aku penonton pas koe lagi bahagia karo deknen \xf0\x9f\x98\xa5'"
855630454354989056,2017-04-22 03:52:51,b'Sekirane cuek tak culke \nRa ono untunge ngadeg jejeg mempertahanke uwong sing pura pura sayang _^_ \xf0\x9f\x8d\x83'
855403067830697992,2017-04-21 12:49:18,"b'Ojo gowo penyakit to mas \n""maju gowo ati opo mundur tanpo nglarani"" \nOjo malah maju gawe natu ati \xf0\x9f\x8d\x83 ~yws'"
855371689714040832,2017-04-21 10:44:37,"b'@PaiminJK contoh emansipasi wanita: nek bojone arep kerjo bengi muni *wes mas aku wae seng kerjo, mase jogo liline""'"
855342235063164928,2017-04-21 08:47:34,b'Ngapuro dudu koe sing salah..\nAku sing salah wes nyayangi uwong sing salah ~yws'
855250982480904193,2017-04-21 02:44:58,"b'Selamat hari kartini, si pejuang emansipasi wanita .. \nYo wedok sing senantiasa dipejuangin ojo gelem dimainin karo cowok pemain hati ~ weks'"
854975814886055937,2017-04-20 08:31:33,"b'Aku due konco sekti, iso ngilang!!\nNgilang pas seneng \xf0\x9f\x98\xa9'"
854971724764332032,2017-04-20 08:15:18,"b'Alasan ku tak menerima mu bukan karena aku tidak menyukaimu, melainkan kamu adalah masalalu temanku dan kau adalah bahagia nya temanku ~yows'"
854878669516308481,2017-04-20 02:05:32,"b'@PaiminJK tips kesehatan: nek sarapan ojo mangan sik susah dicerna, misale mangan harapan tak kunjung datang'"
854662694825099264,2017-04-19 11:47:19,b'@PaiminJK bar ngumbah motor njuk malah kudanan kui rasia2. Sng sia2 ki nek wes genah di apusi tetep mekso aty ben mercayai #okesip'
854631515308802049,2017-04-19 09:43:26,b'@wedos_gibasss rupone belang belang abang puteh. Koyo polisi tidur misale'
854156706468601856,2017-04-18 02:16:42,b'Mergo luka dilarani berawal seko uwong sing mbok anggep istimewa \xf0\x9f\x98\xa9'
854156067206348800,2017-04-18 02:14:10,b'Apa lagi yang akan dibanggakan dari seorang laki laki jika dia tidak mempunyai sebuah kesetiaan'
853463687146819584,2017-04-16 04:22:54,b'Aku ncen raiso mileh meh jatuh cinta karo sopo? Mungkin tibone wae karo kowe sing hobine nglarani lan ngekei janji janji ra pasti'
853453622230761472,2017-04-16 03:42:54,b'Mergo pas ujian posisi duduk lah yang menentukan masadepan \xf0\x9f\x91\x8d'
853177058951700480,2017-04-15 09:23:56,"b'Karna jika suatu hubungan berjalan mulus mulus aja tanpa halangan, maka kita tidak akan pernah tau bahwa kecewa itu menguatkan\xf0\x9f\x8d\x83'"
853065058078777344,2017-04-15 01:58:53,b'Karnamu aku bahagia dan rela melakukan hal bodoh demi melihatmu bahagia\xf0\x9f\x98\x89'
852854214220853248,2017-04-14 12:01:04,b'Kowe ki ncen keselonen opo nyat nganggur kok urusane wonglio nganti mbok urusi \xf0\x9f\x98\x95'
852320284971384834,2017-04-13 00:39:25,b'Koe rong ngerti wae nek wes kenal akrab\nEdane kyo ngopo \xf0\x9f\x98\xb6'
852137738715275264,2017-04-12 12:34:03,b'Sbg cah drmawan bin lomo alias calcul mka bhgia pun aku bagi* . Butuhmu piro? Pengen mu kepiye? Nyoh nyoh nyoh\n\nJilak. ak ncen apikan tnan \xf0\x9f\x98\x82'
851691982845992960,2017-04-11 07:02:47,"b'Ora perlu ngajari aku babagan kelangan, aku wes kerep \xf0\x9f\x98\xa9'"
851424887084269569,2017-04-10 13:21:26,"b'Karna aku terlalu menitikkan hatiku pada satu harapan, sehingga pas harapan gak jadi kenyataan, hatiku yang merasa kehancuran\xf0\x9f\x98\xa9'"
851367718150225920,2017-04-10 09:34:16,"b'Dunia ki kejam, disaat perasaan itu hampir hilang, dia mendatangkan kembali perasaan ya dulu pernah ada\xf0\x9f\x98\x8c'"
851270230068215808,2017-04-10 03:06:53,b'Dudu jarak sing marakke aku karo koe adoh. Ning ego lan gengsi sing marakke awakdewe tambah adoh'
851248435202215936,2017-04-10 01:40:17,b'Single itu prinsip\nJomblo yang nasib ~'
851071912243376128,2017-04-09 13:58:50,b'Bahagia? Mungkin koe kudu purapura rawaras. Dadio wong pekok ben mudeng piye rasane guyu los tanpo beban\xf0\x9f\x98\xa9'
850716307955699713,2017-04-08 14:25:48,b'Akhir-akhir iki koe ki mencak-mencak\nEmbuh kui ki tanda koe nesu opo jepat aku ra dong \xf0\x9f\x98\xa9'
850642132738031616,2017-04-08 09:31:03,b'Aku memang bukan yang pertama\nAku juga bukan yang terindah..\nTapi kamu harus tau\nAku berusaha jadi yang terbaik buat kamu ~\xf0\x9f\x98\x8d'
850535837036986368,2017-04-08 02:28:40,b'@wahyumiko100 apek. Yo difollow disukai nek perlu diretwet. Wes'
850532211690307584,2017-04-08 02:14:16,b'Jika seseorang meninggalkanmu tanpa sebuah alasan. Maka jangan biarkan mereka kembali tanpa sebuah penjelasan'
850530806707625984,2017-04-08 02:08:41,b'@PaiminJK \n4. Wong mencak mencak bahas masalampau'
850256557648498689,2017-04-07 07:58:55,b'sufficiently motivated to reach challenging goals \xf0\x9f\x91\xa3'
850255698529103875,2017-04-07 07:55:30,b'mergo aku ngerti yen tresno bakale ngrusak friendzone nyaman iki ~'
850245225993838592,2017-04-07 07:13:53,"b'Aku selalu bermimpi tentang, indah hari tua bersamamu..\nTetap lembut tutur katamu, meski kau pergi dan tak kembali \xf0\x9f\x8e\xb5\xf0\x9f\x8e\xa4'"
849847989921210369,2017-04-06 04:55:24,"b'@PaiminJK nk yangmu snng gwe stts ""krjaan hri in brat"" psitive thingkng wae mngkn dee lg ngndong munyuk sak kndange sak nnek moyange munyuk'"
849146427485732864,2017-04-04 06:27:39,b'Aku brtahan dudu mergo ora mampu golek liyane. Ning aku sadar ngo memulai rasa nyaman kui ora segampang pas ngomongke \xf0\x9f\x98\x89 ~'
848524171353010177,2017-04-02 13:15:01,b'@PaiminJK tukang parkir'
847630183263633409,2017-03-31 02:02:38,"b'Aku tidak mahir mengejar, tapi aku tahu cara menunggumu..\nAku tidak mahir berkata kata tapi aku tau cara mendoakanmu \xe2\x9a\x98\n~Amatiran'"
847321746122301440,2017-03-30 05:37:01,b'@PaiminJK tips ben ra ngantuk bar rolasan: cobo pas mangan diselingi nyemil mercon'
847246135961952257,2017-03-30 00:36:34,"b'@PaiminJK calon istri idaman kuwi tangi turu langsung ados, ngumbahi, masak njuk nyirami tanduran.. Ra sabunan'"
847077366283198465,2017-03-29 13:25:56,b'@PrekkYa  Kowe galau? Rene curhat o karo aku. . Kowe kesepian? Kene tak kancani ben kesepian bareng. Kurang apikan opo aki ki ?'
847057469733945344,2017-03-29 12:06:53,b'Aku karo koe ? \nIbarat senja kr malam sing bersisihan ning raiso bersatu\xf0\x9f\x8c\x9e\xf0\x9f\x92\x85  ~ amatiran'
846936569827098624,2017-03-29 04:06:28,"b'@PaiminJK tauhak kamu ? Ngopi yahmene kuwi iso nambah pahala, nek le ngombe bebarengan karo yhange tanggane *ehh'"
846878182514946048,2017-03-29 00:14:27,"b'RT @PrekkYa: Kabeh wong wedok ki mung pingin dingerteni, pie carane? Ha mung wong wedok sek ngerti, hanjuk pie?'"
846712746590679040,2017-03-28 13:17:04,b'@PaiminJK  #PacaranAman kui nek jalan nang taman nganggo tameng'
845942605556867073,2017-03-26 10:16:48,b'Koe ki karya tuhan sing teko ra sengojo gowo tresno \xf0\x9f\x98\x8d\n~ wes\xf0\x9f\x91\x8c'
845930828588695553,2017-03-26 09:30:00,"b""Nek kon melek kuat jamjam'an\nNing nek wes turu persis ko wong latihan mati \xf0\x9f\x98\x96~ koelonds"""
844878673811423232,2017-03-23 11:49:07,b'Aku ra butuh mendungmu\nNek mendungmu gur ngekei udan neng uripku ~dahNdakPapa \xf0\x9f\x8d\x83'
844757408618504192,2017-03-23 03:47:15,"b'Brtengkar tapi tetap saling menjaga, berdebat tapi tetap saling memahami *lopyulahndes\xf0\x9f\x98\x8d'"
843776729839628288,2017-03-20 10:50:23,"b'@PaiminJK golek yang ki sing dewasa. Ojo sik sifate koyo cah cilik, sing nek weruh pacare mlaku kro gendhakane klesetan karo bengok bengok \xf0\x9f\x91\x8d'"
843647996122214400,2017-03-20 02:18:51,b'Aku paham niat mu meh main kata nng yo di intro mosok yo iyo katane copas sakkabehane \xf0\x9f\x98\x9d'
843444721934520320,2017-03-19 12:51:06,b'Opo ono roso sing ngluwih nglarani \nSeko kelangan sapamu \xf0\x9f\x98\x92\nOpo ono rindu sng luwih nyesahke\nSeko sirna ne bebarengan awakdewe \xf0\x9f\x8d\x83'
843423065295872001,2017-03-19 11:25:03,b'@wahyumiko100 wkwk lha kpye kbare mantan2mu sng dwe dekik kui? Opo saiki yo ijh stia mengenang masalalu \xe2\x9c\x8c\xf0\x9f\x99\x8a'
843412893055959040,2017-03-19 10:44:38,"b'RT @AniMafiro: @Ardyand_  : karna ketika mentari pagi memberi kehangatan, maka senja memberi kenyamanan'"
843391108814061568,2017-03-19 09:18:04,b'Opo yo gur aku sing minggu2 getargetir dongo nunggu kabar selamat mu tanpo ngerti lehmu berjuang ~\xf0\x9f\x98\xa2\xf0\x9f\x98\x87'
843367138333097985,2017-03-19 07:42:49,b'@wahyumiko100 lha yo dino liyo we iso kok. Kecuali nk dino liyo gwe lungo kro gendakane \xf0\x9f\x99\x8a\xe2\x9c\x8c'
843333334755237888,2017-03-19 05:28:30,"b'@PaiminJK loh nek dino minggu ki nengomahmu yo sak bare dino sabtu\nWah podo neknu, jangan jangan awakdewe jodoh'"
843072043532730368,2017-03-18 12:10:13,b'Dolan karo pacare kok gur pas malem minggu ~ kisahmu wagu'
842974132400660481,2017-03-18 05:41:09,"b'Diapiki mah nyacati\nDitinggal misuh misuh nang mburi\nOalah gusti, menungso ciptaanmu lucu2 swangar2 ~ \xf0\x9f\x98\x95\xf0\x9f\x94\xab'"
842538364544856064,2017-03-17 00:49:34,"b'Yo ngapuro nk dee salah persepsi wng iki babagan tresno nguji roso bukane  nyekso  ""_""'"
842330234783379456,2017-03-16 11:02:32,"b'@Ardyand_  : karna ketika mentari pagi memberi kehangatan, maka senja memberi kenyamanan'"
842326853142568963,2017-03-16 10:49:06,"b'@PaiminJK  mbibrik ki kudu inovatif. Nek ngechat ojo mung takon ""hai, lagi apa?"" \nCobo takon ""nek nyopet kawasan ngendi?""'"
841975275244081152,2017-03-15 11:32:03,"b'@sangardewe_ yen ak loro ati mrgo ngerti koe kr lyane, kui ddu slahmu. Tpi slahe bibrianmu. Ngp ndadak teko pas aku ijh bbarengan kro awakmu'"
841920514511757312,2017-03-15 07:54:27,"b'@PaiminJK ono sik omng jare ""okeh konco okeh rejeki"" tapi kadang kenyataane okeh konco mah soyo ilang ra kroso'"
841610807053971457,2017-03-14 11:23:47,b'@TukangNggendak nek duwe knco tpi kncone kui kdang nk sneng sok lali aku. Kui saran e kdu pye min ?'
841476009513779200,2017-03-14 02:28:09,b'Semacam powerRanger jambon sing tau mbok kei harapan lan mbok tinggal tanpo kepastian ~ akuoug\xf0\x9f\x98\x95\xf0\x9f\x92\x8b'
841283890350182406,2017-03-13 13:44:44,b'@PaiminJK \n\xf0\x9f\x91\xa8: kowe gelem dadi pacarku?\n\xf0\x9f\x91\xa9: kowe iso opo?\n\xf0\x9f\x91\xa8: aku iso mbubuti uwan e bapakmu.\n\xf0\x9f\x91\xa9:tancep lamaran mas\xf0\x9f\x98\x8d\n#sepikchallenge'
840859258665107457,2017-03-12 09:37:24,b'Nek koe gur dolanan kono lungo\nKene ki ati dudu bianglala ~prekjyu'
840855811886792704,2017-03-12 09:23:42,"b'Sesok ujian to, Ati ati nek mengko bengi pacarmu ngajak putuz mergo meh fokus ujian ~ welingan'"
840563507628277762,2017-03-11 14:02:11,"b""@YoWolesSyuu #SakitGaBerdarahItu pas wes digawe nyaman mah ujuk2 oleh kabar dek'e wes duwe pacar"""
840546541622325250,2017-03-11 12:54:46,"b'@PaiminJK #PriaIdaman kui nek ngapel nengomahe yange, pertama mlbu ora salaman tapi jaok wedang'"
840527123056013312,2017-03-11 11:37:37,b'Jarene eh jarene: hidupo koyo kopi najan pahit nng gawe mata trbuka \xe2\x98\x95'
840164735181963265,2017-03-10 11:37:37,b'Tak pikir aku ki benci jebul peduli\nTak pikir aku ki dendam jebul rasa terpendam \xf0\x9f\x98\x9c ~prekjyu'
839833866563039236,2017-03-09 13:42:51,b'@PaiminJK \n\xf0\x9f\x91\xa6: awakedewe putus\n\xf0\x9f\x91\xa7: lha ngopo?\n\xf0\x9f\x91\xa6: lha dee ngapeli nng omahku gur nunut mangan tok\n#AlesanPegatan'
839759046479523840,2017-03-09 08:45:33,b'Kamu adalah ketidak pastian yang saya perjuangkan ~muehehehe \xf0\x9f\x98\x9c'
839704425874649088,2017-03-09 05:08:30,b'@GendutElegant done'
839473990024351744,2017-03-08 13:52:50,b'@xherdi_ bersama kami mimpi anda terwujud'
839460880047722496,2017-03-08 13:00:44,"b'@PaiminJK pertanyaan yang tidak selayaknya dipertanyakan pas mbribik: ""mbahmu umure pirang taun?""'"
839453393915535361,2017-03-08 12:31:00,b'@wisnu_wishe done'
839451906065903617,2017-03-08 12:25:05,"b'Iki malem kamis adek adek, malem sing mayoritas penghuni twitter sing jomblo apus* gek podo metu seko topo ne \n\n@xherdi_'"
839353873202466816,2017-03-08 05:55:32,"b'@PaiminJK \n\xf0\x9f\x91\xa8: siang beb, oj lali rolasan ya\n\xf0\x9f\x91\xa9:ah angger awan ngechat ngno,bosen\n\xf0\x9f\x91\xa8:siang beb ojo lali setoran dit copetan ya\n\xf0\x9f\x91\xa9:emess \xf0\x9f\x91\x84\xf0\x9f\x92\x8b'"
839279863747878912,2017-03-08 01:01:27,b'Kandani wong bejo ki ngalahke wong pinter kok \xf0\x9f\x98\x84 rasah ngeyel @bulangr_'
839139543563411457,2017-03-07 15:43:52,"b'@PaiminJK entuk ora sih nek nglewati laut nganggo kapal , tapi kapal sikil #PersoalanSulit'"
839005614906851328,2017-03-07 06:51:41,b'Aku ki ora kalah.\nAku gur ngalah mergo lesu \xf0\x9f\x98\x92'
838962647701712897,2017-03-07 04:00:57,"b'RT @PrekkYa: Ben dinengke wae sak polah2 e, sesuk nek pas susah njaluk tulung nyeluk2 jenengku tak nengke wae sorry jeneng q ganti'"
838369983184842752,2017-03-05 12:45:54,"b'@Ardyand_ kui kumbahan di tayamum disik, benke jodohmu bhgia kr jdoh uwng'"
838369249345191938,2017-03-05 12:42:59,b'@Ardyand_ jodho mu ijh dijilih uwng \xf0\x9f\x98\x82'
838368404612370432,2017-03-05 12:39:38,"b'RT @TweetkuWagu: Dadi, koe pilih kae sing bendino chatingan sok keminggris modal google translate timbang aku sing njawani iki? Oke, aku ra\xe2\x80\xa6'"
838310124775075840,2017-03-05 08:48:03,"b'@PaiminJK nk on kncaku sk anggr udan klingan mntan,positive thinking wae mngkn dsik mntane gur dianggp btiran nng tkone ngkei sgdang knangan'"
838214271334924288,2017-03-05 02:27:10,b'@kulinobareng dino mnggu acra tep ggok ngomah mbangane metu omah kro jodho uwong. Buang rejeki ora segampang kui'
838209737367773184,2017-03-05 02:09:09,b'Dino minggu tanggal limo\nAku wis nunggu koe mlah gandeng wongliyo~ #parikan'
838196885760307200,2017-03-05 01:18:05,"b'RT @BiasaMaido: tak andani yo adek adek TPA ""roso nyaman kui luweh bahaya mbangane jatuh cinta""\xf0\x9f\x98\xaa~'"
838012370530152452,2017-03-04 13:04:53,b'@Ardyand_ aku ra se lego kui mas\xf0\x9f\x98\x92'
838003812426133504,2017-03-04 12:30:52,b'Sinyal e ngajak sumuk \xf0\x9f\x91\x8a\xf0\x9f\x93\xa1'
837601123385016322,2017-03-03 09:50:44,b'Ra usah kakean berharap nek endinge koe ki gur kelaran\xf0\x9f\x92\x94\xf0\x9f\x8d\x83'
837504710563123203,2017-03-03 03:27:37,b'Kakean mikir golek bolo ddi lali mikir yen urip mu perlu di toto ~kancaku \xf0\x9f\x98\x95'
837477093856333824,2017-03-03 01:37:53,b'Selamat pagi koe sing wes jipuk aty*) ojo lali dalan bali pas koe trlalu mlaku adoh nng dalan ra pasti \xf0\x9f\x98\xb9'
837476550664568832,2017-03-03 01:35:43,"b'Mergo ora gur koe lan sifatmu sing marai nyaman, tapi yo mergo hobimu \xf0\x9f\x8f\x8d'"
836802320809803776,2017-03-01 04:56:34,b'@hlayosorry ora bang kui ki lambene2 drong bayar pajak'
836746533240332289,2017-03-01 01:14:54,b'@hlayosorry ora ktemu makhluk lambe obral bang'
836742254265917440,2017-03-01 00:57:53,"b'Seneng mlayu mrono susah mlayu mrene, aku ws ra kaget karo model konco magelangan \xf0\x9f\x98\x92~koncoku'"
836741664542605312,2017-03-01 00:55:33,b'MaretWish diadohke seko makhluk obral lambe \xf0\x9f\x98\x8f'
836561727772737537,2017-02-28 13:00:33,b'Dino iki horor bgt *) se horor dapurane yhangmu mas \xf0\x9f\x91\xbf\xf0\x9f\x99\x8a'
836537388012752898,2017-02-28 11:23:50,b'@xherdi_ kyo gnah kta2 kui deh \xf0\x9f\x98\x82'
836194483171536897,2017-02-27 12:41:15,b'@PrekkYa min kapan aku nemu sing tulus karo aku min?'
836073045773037569,2017-02-27 04:38:42,"b'Bukan e males pacaran, tapi males  menghadapi  fase setelah kandyas nya suatu hubungan \xf0\x9f\x98\x94\xf0\x9f\x98\x9b\xf0\x9f\x94\xab\xf0\x9f\x8d\x83'"
836051434353262592,2017-02-27 03:12:49,b'Semenjak pagi ku pagi mu menjadi pagi kita \xf0\x9f\x98\xbb'
835678791963856896,2017-02-26 02:32:04,"b'Selamat hari minggu kamu yang aku tunggu, semoga kisah kita tidak akan menjadi semu ~ wes'"
835492816209891330,2017-02-25 14:13:04,b'@Ndepis14 urip ra usah kakean wah lah min. Ndak marai cpt mati \xf0\x9f\x98\x85'
835491186949251072,2017-02-25 14:06:36,b'@Ndepis14  min aku kan masih kcil masih polos ddi ra ngrty \xf0\x9f\x98\x82\xf0\x9f\x98\x9b'
835488381370949636,2017-02-25 13:55:27,b'@Ndepis14 knikmatan min? Emng glek knikmatan kdu udan2 min.'
835479911959666693,2017-02-25 13:21:48,b'@Ndepis14 ws min ak tkon wae \xf0\x9f\x98\x92 mlm minggu udan udan sng duwe pacar tetep mekso metu kr pacar e? Kui mlu hal bodho ra min?'
835477196856700929,2017-02-25 13:11:00,b'@Ndepis14 jne nglenggani dee min. Timbang di bully wae\xf0\x9f\x98\x82'
835474073324924930,2017-02-25 12:58:36,b'@Ndepis14 rame min.. nk ra rame ak tk takon sak okeh okeh e \xf0\x9f\x98\x82\xf0\x9f\x98\x82'
835463767638994944,2017-02-25 12:17:39,b'Aku cidro? Blas ora\nAku byen kr koe rosone gur sitik kok. Sitik e semene \xf0\x9f\x91\x8c'
835463190737637377,2017-02-25 12:15:21,b'Yen serius yo bakale buktekke. Yen dolanan yo gur omonge sing di gedhe2ke \xf0\x9f\x92\xa8\xf0\x9f\x90\xb8'
835449051726262272,2017-02-25 11:19:10,b'@hlayosorry min malem mingguan ki opo to? Kok mesakke uwong2 metu kr pcr.e gur mlm minggu tok ?'
835121950510833666,2017-02-24 13:39:23,b'@hlayosorry bang ciri2 wong mlai nyaman kr seseorang ki pye wae bang?'
835120400484880384,2017-02-24 13:33:13,b'@PrekkYa min cedak kr knco mantan  gbetan slah ra min ?'
835074670739107840,2017-02-24 10:31:31,"b'@PaiminJK nek koe pengen adoz tpi males banyune adem, cobo koe adoz e nng merapi sopo ngerti rampung adoz awakmu ijeh panas'"
835069586995228673,2017-02-24 10:11:19,"b'RT @YoWolesSyuu: Tetep ojo sambat, kudu kuat senajan okeh sing nyacat! Wong hebat lahir seko kahanan cacian terlaknat..'"
835068921984143360,2017-02-24 10:08:40,b'@TweetkuWagu #LosskeWae gwe dee sng kakean umbar janji tanpo ono sng ditepati'
834746570767675392,2017-02-23 12:47:45,b'@Ndepis14 lha mulakno min knangan masalalu mu drong pdo luntur'
834712365002170368,2017-02-23 10:31:50,b'@Ndepis14 lha opo ra luntur melu banyu min'
834423177807695872,2017-02-22 15:22:43,b'@xherdi_ @Qoteeh_Runin25 iki bkale kyo lowo mergo nugas \xf0\x9f\x98\xa7'
834320406592921600,2017-02-22 08:34:20,b'Ngangeni koe ki ws hal sng candu gwe aku \xf0\x9f\x98\xb3'
834318411584770048,2017-02-22 08:26:24,b'RT @AniMafiro: @PaiminJK #CiriCiriWongTuaneRaSetuju pas awakdewe ngapel ethok ethok wongtuane dho ayan ben awakdewe ndang lungo'
834302561557426178,2017-02-22 07:23:25,b'RT @ZahraRN14: Aku harus sekuat ayah dan setegar ibu \xf0\x9f\x98\x8a'
834162923534553092,2017-02-21 22:08:33,"b'RT @CangkemuAmbrol: Aku nakal? Yoben mumpung iseh enom, nek nakalku pas tuo kan mah ngetok2i masa remajaku kurang bahagia \xf0\x9f\x98\xb3'"
834026822937350144,2017-02-21 13:07:44,"b'@PaiminJK #wanitaIdaman kuwi yen ngerti omah e ra due pangan ,gage nng tonggone jaok pangan'"
834017812800696320,2017-02-21 12:31:56,b'@Ndepis14 madango min.. mkir cinta yo btuh asupan'
834004479745814528,2017-02-21 11:38:57,b'@rezi_restu lha nk ra indah2 anane gur perih pye?'
833353263697137664,2017-02-19 16:31:15,b'Mungkin biyen cilikanmu drong diajari tepuk tangan dadi anane gur nyangkem wae\xf0\x9f\x94\xab\xf0\x9f\x99\x8a'
833306120672333824,2017-02-19 13:23:55,b'@MarnoMbois mas marno dee ki kok digandrungi cewek ayu2 opo resep e'
833174120162398208,2017-02-19 04:39:24,b'Piye bang wes duwe kesibukan drong? Opo tekan saiki sibuk mu ijeh stalking akun ku \xf0\x9f\x91\x80\xf0\x9f\x98\x82\xf0\x9f\x91\x89'
832576181954228224,2017-02-17 13:03:24,b'@Akunsindir hoo min bner kui. Tmbn \xe2\x98\x9d\xe2\x9c\x8c'
832574056046014465,2017-02-17 12:54:58,b'@PaiminJK #CiriCiriWongTuaneRaSetuju pas awakdewe ngapel ethok ethok wongtuane dho ayan ben awakdewe ndang lungo'
832477646135046145,2017-02-17 06:31:52,"b'RT @BiasaMaido: opo anane wae, dadio awakmu dewe, tak kandhani yo nuruti gengsi ki marai cepet mati..'"
832476270755590145,2017-02-17 06:26:24,b'@Ernasundari_ flbck'
832127030707621888,2017-02-16 07:18:38,b'Delengi pemandangan menowo weruh jodho lewat \xf0\x9f\x94\x92\xf0\x9f\x98\x8a https://t.co/uhYffOqVWB'
832124007268773888,2017-02-16 07:06:38,b'RT @Deknanas: Aku nglinguk mburi ora tek aku rung iso lalekke koe. aku gur pen ngrti spiro tibone koe nyawang aku bahagia sakwise mok siasi\xe2\x80\xa6'
832123885503918080,2017-02-16 07:06:09,b'RT @Deknanas: Pribadiku itu urusanku. Baik atau tidak tergantung kamu yang menilai. Kau anggap aku kotor? Mari kita lihat dirimu sebersih a\xe2\x80\xa6'
832113746398949376,2017-02-16 06:25:51,"b'Saya datang dari sebuah dendam yang tak berkesudahan \xf0\x9f\x98\x8f Saya adalah takdir yang tak bisa diubah. Saya jga spr km. Tapi, tdak sberuntung km\xf0\x9f\x94\xaa\xf0\x9f\x94\xaa'"
831676827051569152,2017-02-15 01:29:42,"b'RT @hlayosorry: Untung mbiyen pas sekolah aku cah pramuka dadine mudeng carane balik kanan bubar jalan, ramung jalan ditempat karo kowe sin\xe2\x80\xa6'"
831651836952080384,2017-02-14 23:50:23,b'@Ndepis14 kui min berteduh. Nng ora brteduh nng pcr uwng to min ?'
831424154083618819,2017-02-14 08:45:40,b'@YowesNeh pye min? Aku wes ketok bahagia drong tanpo jogo jodho uwng :v'
831415973689249792,2017-02-14 08:13:09,b'Kenal nya gak seberapa sakit nya warbyazahh \xf0\x9f\x94\xaa\xf0\x9f\x94\xab'
831415401539989506,2017-02-14 08:10:53,b'@YowesNeh ra perlu . Ben e jodoh uwng sng jogo aku \xf0\x9f\x98\x82'
831399814080323584,2017-02-14 07:08:56,b'@YowesNeh sng do pcran kae dipercyo kon jaga ke jdoh uwng min'
831392378590158848,2017-02-14 06:39:24,b'@Ndepis14 hoo ben mkir yo min \xf0\x9f\x94\xab'
831386158688980992,2017-02-14 06:14:41,b'@Ndepis14 senasib min \xf0\x9f\x98\x82 pnak e dikapak min? Dijahati yo min \xf0\x9f\x94\xaa'
831142770748190720,2017-02-13 14:07:33,b'@PrekkYa min nek kita cdak kr uwng tpi uwng kui mah gandeng wnglio. Enak e kapak e min ?'
830632675970936834,2017-02-12 04:20:37,b'Aku ngerti niat mu golek kesibukan\nNng yo ojo gangguni pcr uwng kok anggep kesibukan \xf0\x9f\x94\xaa\xf0\x9f\x98\x82'
830630221376131072,2017-02-12 04:10:51,b'Sepurane nek kon baleni kisah ati ku wes  bubrah \xf0\x9f\x91\x85'
830613940161826818,2017-02-12 03:06:10,b'Simbok meh holide. Spo melu ? \xf0\x9f\x92\x83pumpung gek apikan'
830458764683730944,2017-02-11 16:49:33,b'Tegarr min tpi jero ambyar'
830454733315854337,2017-02-11 16:33:32,b'@_RasahCangkeman mlm minggu ku ngerteni kae gandeng wong lio . Kui ws mmberi kesan tersendiri \xf0\x9f\x92\x94'
830383548968292352,2017-02-11 11:50:40,b'RT @LainSasaha__: kita harus jatuh! Untuk mengerti bagaimana kerasnya bangkit dan tetap tersenyum meski sakit.'
830223516020600832,2017-02-11 01:14:45,b'@PrekkYa ra ono sng enuk kok min'
830185801426231296,2017-02-10 22:44:53,b'Usaha gawe uwong ra peka ki iso. .\nLha wong didi kempot kae menstrim nandur pari tukul suket teki wae yo iso. .'
830180163790835712,2017-02-10 22:22:29,"b'Koe teko gowo tresno, koe lungo ninggal loro..\nTresnamu tak labuh nng sgoro \xf0\x9f\x8e\xa4\xf0\x9f\x8e\xb5'"
829891870402555904,2017-02-10 03:16:55,"b'RT @sdanang43: Desoku lagi heboh wong di gondol memedi , tapi aku ra wedi . Wong memedine ki aku =))'"
829628424251510785,2017-02-09 09:50:04,"b'RT @CangkemuAmbrol: Watu karang lumuten mergo urip neng dasar laut. Jal nek urip neng ketidakpastian, cedak suwe tapi ra jadian-jadian? Mes\xe2\x80\xa6'"
829594306147016704,2017-02-09 07:34:30,"b'RT @PaiminJK: Hidup sehat kuwi sakjane simpel. Nek ngelih yo madang, nek kesel yo leren, nek ngantuk yo turu, nek sayang yo ngomong. #okesip'"
829581584885960704,2017-02-09 06:43:57,b'Luput gusti aku nakal lagi'
829545947663257600,2017-02-09 04:22:20,b'Hati hati Kemakan janji manis hari kamis oleh cowok lamis \xf0\x9f\x91\x8a'
829545348498550785,2017-02-09 04:19:57,b'Dear wewe gombel tulong gowo nen kae uwong sing wis njipuk aty lan saiki ninggal mati \xf0\x9f\x91\xb9\xf0\x9f\x94\xaa'
829479379692515328,2017-02-08 23:57:49,"b'RT @GheaGisa: Sarapan indomie ah, mnwo aku njur ddi seleramu\xf0\x9f\x98\x86'"
829479097952718849,2017-02-08 23:56:42,b'Temenan gak harus demenan \xf0\x9f\x98\x82\xe2\x98\x9d https://t.co/6CV7SsW1qM'
829450065425018880,2017-02-08 22:01:20,b'Sadaro koe ki gur pilihan saat dee ngroso kesepian \xf0\x9f\x94\xaa'
829323100021862404,2017-02-08 13:36:49,b'Mergo cinta mu kalah karo pupu mlaku \xf0\x9f\x99\x8a'
829321812911591425,2017-02-08 13:31:42,b'Aku sing terlalu baper po nyat dee sing terlalu gathel \xf0\x9f\x99\x88'
829321811334541316,2017-02-08 13:31:42,b'Yang namanya cewek itu gak butuh harapan)*cuma butuh kepastian\xe2\x98\x9d'
829318342485741568,2017-02-08 13:17:55,b'RT @RifatulAW: Siapa yang kira yang selama ini berteman ternyata diamdiam menyimpan perasaan~'
829315790373548032,2017-02-08 13:07:47,b'Aduhh \xe2\x98\x9d https://t.co/PDH1IVsesN'
829155386523414529,2017-02-08 02:30:23,"b'RT @Ndepis14: Selamat pagi, sing semangat, ojo galo an, ndak sektimu ilang \xf0\x9f\x98\x8a'"
829142768588951556,2017-02-08 01:40:15,b'RT @AyukkAy: Pie le aku ora kon ndue keraguan yen sikapmu ra nunjukke yen koe tenanan'
828935354870685697,2017-02-07 11:56:04,"b""RT @hlayosorry: Ekekek ngalah wae karo realita nek de'e ora cinta kowe,intine nek goblok ojo semangat, sok-sok an berjuang dewe, plis rasah\xe2\x80\xa6"""
828907539060305920,2017-02-07 10:05:32,b'@PrekkYa mrai baper ora min'
828899288683941889,2017-02-07 09:32:45,b'7~2~2017 \napek tanggale )*Yakin mas ora meh ngrubah status ku ning tanggal apik iki \xf0\x9f\x98\x82'
828804063571513345,2017-02-07 03:14:21,"b'RT @bonisatria07: Kalau mood udah rusak, mau ngelakuin apa aja rasanya jadi ga enak, hal yang bener pun jadi salah semua.'"
828803985507115008,2017-02-07 03:14:03,"b'RT @bonisatria07: Ada masanya ko.. Dimana kamu mempedulikanku, tapi aku udah tak mempedulikanmu. Dimana kamu merindukanku, tapi aku sudah t\xe2\x80\xa6'"
828802041417838593,2017-02-07 03:06:19,"b'RT @RifatulAW: Selamat hari selasa, maaf membuatmu kecewa, dan yang ku harap rasa itu akan tetap ada\xf0\x9f\x98\x85'"
828609790402191360,2017-02-06 14:22:23,"b'RT @radyapustaka: #SayaBertanya kpd Bapak Presiden &amp; Kapolri, apakah kaum piyambakan tdk memiliki hak utk berpasangan, dgn hak asasi yg dim\xe2\x80\xa6'"
827655571138490368,2017-02-03 23:10:39,"b'RT @RifatulAW: Kopi itu pahit. Benar, bagi kamu yang tidak menikmati rindu'"
827017891572649984,2017-02-02 04:56:45,"b'RT @hlayosorry: Ono saate aku stay, ono saate aku bakalan on the way, tergantung piye lehmu ngregani perjuanganku lan nyikapi perasanku -,-'"
826976599073452033,2017-02-02 02:12:40,"b'RT @YowesNeh: selamat pagi kamis, terkadang sakit hati berawal dibuai janji manis'"
826944687076315136,2017-02-02 00:05:51,b'@Asli_Yogyakarta magelang grimis grimis ra menjanjikan'
826381262176677889,2017-01-31 10:47:00,b'Karang bocah ono wong susah tanggapane lak guyu \xf0\x9f\x98\x92 rneo lak elos2 cengelmu kari tak banting nng tembok ben utekmu rodo mikir sitik\xf0\x9f\x92\xa3\xf0\x9f\x92\xa9'
826380483470561280,2017-01-31 10:43:55,"b'Kudune sadar kui yo perlu dap , urip mu kakean obat opo mancen sajake ra iso miror \xf0\x9f\x98\x82'"
826331420108873728,2017-01-31 07:28:57,b'Hujan nya di pending dulu ya mbah \xf0\x9f\x92\xa6'
826253911447068672,2017-01-31 02:20:58,b'RT @PrekkYa: Omonganmu keduwuren koyo gulu jerapah *prekk'
826250847805779969,2017-01-31 02:08:47,b'Ngarep kui bedo tipis kro nglarani aty alon2 \xf0\x9f\x91\x85'
826185486691557377,2017-01-30 21:49:04,"b'RT @dewewani: Pagi co konco, welingku ojo lali sarapan ben kuat ngadepi harapan sek ora kunjung dadi kenyataan.'"
826081723590987776,2017-01-30 14:56:45,b'Yen koe ki ncen penting kanggo dee? Dee bukak hp sng mbok hubungi pertama msti koe \xf0\x9f\x99\x84'
826067154894147584,2017-01-30 13:58:51,b'@PrekkYa kancaku ono kui'
826023610695364608,2017-01-30 11:05:50,b'RT @YwesNyett: Meh ngarani aku cuek opo kurang peka kui terserah Mergo pada dasare soal cinta aku payah. ~Halah porah~'
825920413540577281,2017-01-30 04:15:46,"b'RT @Koewagu: berjuang kui oleh,tapi yo rasah mekso!\nmergo leren kui yo perlu,sadar diri kui yo butuh!'"
825678600896548864,2017-01-29 12:14:53,b'Simbok nyerah dap \xf0\x9f\x98\x94'
825654676443901952,2017-01-29 10:39:49,"b'Dongo wayah sore mugo dee iso peka, wes kui tok \xf0\x9f\x91\x81'"
825652056912384000,2017-01-29 10:29:24,"b""RT @_Ambyar: ben wektu seng jawab kpn awkdewe isoh bersama lan bahagia bebarengan. rausah berlebihan sik. bakale enek saat'e kamu aku menja\xe2\x80\xa6"""
825630297177743360,2017-01-29 09:02:56,b'Digawe bingung babagan aty \xf0\x9f\x98\x94\xf0\x9f\x98\xa7'
825561851366821889,2017-01-29 04:30:58,b'@xherdi_ rneo dlan kr subali nk bolo kurawamu ilang'
825516629706498048,2017-01-29 01:31:16,b'Ojo nyepeleke cah marketing yo nde\nDee nakal tak dol kui \xf0\x9f\x91\x80'
825363344974426112,2017-01-28 15:22:10,"b'RT @WESTAU_PENAK: Holiday ro Maleminggu ku kelabu. Rak udan yo rak peteng mendunge. Tapi atiku sing peteng, kosong momplong rak ono sing me\xe2\x80\xa6'"
825353936076828676,2017-01-28 14:44:47,b'Mergo aku ngoso aku dudu alesan mu bukak hp\xf0\x9f\x93\xb2\nDadi wajar nk aku wedi mbok p*p'
825266401019453441,2017-01-28 08:56:57,b'Rong mandang gedhe ndase\xf0\x9f\x98\x82'
825144617070768129,2017-01-28 00:53:01,b'RT @PrekkYa: Uripmu wis bener kok bos. Omonganmu wae sing durung'
825139774360952832,2017-01-28 00:33:47,b'Loromu gawe aku smangat ngolehke mimpiku be \xf0\x9f\x92\xaa'
825049425517047808,2017-01-27 18:34:46,b'Mergo aku saiki sadar yen tresno mu ijeh kalah kro ego mu \xf0\x9f\x91\x80'
825045650676998144,2017-01-27 18:19:46,"b'RT @REFAI_ID: Boleh kok nyerah sama keadaan, tapi kita nggak boleh nyerah untuk berjuang. \xf0\x9f\x98\x8a'"
824599898607624194,2017-01-26 12:48:30,b'RT @Koewagu: aku nek ketemu pacar nang dalan iseh karo selingkuhan malah tak ucapke *selamat pacaran semoga langgeng sampe pelaminan*\n\nhlaa\xe2\x80\xa6'
824599801543077889,2017-01-26 12:48:07,b'RT @hlayosorry: Kui ati opo playlist lagu? Isine kok nek ra lungset yo kandyazz \xf0\x9f\x98\x82'
824530490308775936,2017-01-26 08:12:42,"b'Nek chat mu kok dibales sui, Tandane opo? Yo koe ki ra penting nng uripke dee\n\nNgno wae jeh takon\xf0\x9f\x91\x85'"
824472426960412673,2017-01-26 04:21:59,b'Rasah guyoni simbok gek murka \xf0\x9f\x98\xa1'
824452036716482560,2017-01-26 03:00:57,b'Opo doyoku sing dudu opo opomu \xf0\x9f\x91\x80'
824431199871307777,2017-01-26 01:38:09,"b'RT @Koewagu: selamat pagi kaum loro ati,semangat kamis. semoga koe kabeh ra keno musibah seko cangkem LAMIS ~\xf0\x9f\x99\x8f'"
824380372884402176,2017-01-25 22:16:11,"b'RT @Asli_Yogyakarta: Ketika semangatku mulai kendor, aku selalu eling ijek enek uwong tuo lan keluarga sing kudu tak bahagiakne \xf0\x9f\x92\xaa'"
824157239778934788,2017-01-25 07:29:32,b'RT @PrekkYa: Udan deres ati2 lambe lunyu eh dalan lunyu'
824112613999210498,2017-01-25 04:32:13,b'Arep nyelip ra ngerti body \xf0\x9f\x98\x82 yo ra @a9_bulan'
823895540035371008,2017-01-24 14:09:38,"b'@PrekkYa min ptz mrgo mh srius skolah, slah ra min?'"
823775078198300672,2017-01-24 06:10:58,b'Konco model opo koe kui ?'
823510723636568064,2017-01-23 12:40:31,b'Status ora gawe aku kr koe adoh kok bang'
823469243328925696,2017-01-23 09:55:41,"b'RT @mehkenthir: nek enek seng ngomong ""aku kangen"" tapi matane nglirik wedokan liyo,, ngomongo : mangapo mas kene tak dulang kolojengking n\xe2\x80\xa6'"
823468541227585536,2017-01-23 09:52:54,"b'RT @yowessory: Aku dudu jomblo, mung lagi LDRan karo jodohku seng ijek neng tangane Tuhan.'"
823467820860116992,2017-01-23 09:50:02,b'RT @YowesNeh: aku ? siji seko Sewu uwong sek cedak neng urepmu tapi aku raiso dadi hal penting neng prioritas urepmu'
823392287686172672,2017-01-23 04:49:53,b'@yowessory kecu'
823392203443552256,2017-01-23 04:49:33,b'@xherdi_ trunan boboboy po'
822615850645680128,2017-01-21 01:24:36,b'Papat songo semea \xf0\x9f\x8e\x81\xf0\x9f\x8e\x89\xf0\x9f\x8e\x8a'
821167732674555904,2017-01-17 01:30:18,b'Aku gur cah SMk Negri bang maklum nk skolahku ra oleh masang alis lan gincu \n@a9_bulan @xherdi_'
820960171664936960,2017-01-16 11:45:32,b'Ndang sehat yo bee \xe2\x98\xba'
820586597254975488,2017-01-15 11:01:05,"b""RT @WOWFAKTA: Lesung pipi adalah 'cacat yang menawan' pada otot muka. Hanya 20 persen orang di dunia yang memiliki lesung pipi."""
820239322792087553,2017-01-14 12:01:08,b'Malem minggu mu ttep ngroso wagu mergo kakean padu *ehh'
820238137293094912,2017-01-14 11:56:25,b'Nyatane sing sirik kowe  Sing nyindir yo kowe\n#mbakeSehat'
820184943233994752,2017-01-14 08:25:03,b'RT @radyapustaka: Pas lagi sakit baru kita tahu nikmat sehat itu jauh berharga dari segalanya. #life'
819793155230822401,2017-01-13 06:28:13,b'@xherdi_ kui wngi kok kawans \xf0\x9f\x98\x82'
819486075248775168,2017-01-12 10:08:00,"b'Rasah ngajaki aku main game game an, aku ki ra howo \xf0\x9f\x98\xa9'"
819390350074605568,2017-01-12 03:47:37,b'@xherdi_ zayn ultah o wik'
818279436751491072,2017-01-09 02:13:15,b'@PrekkYa min ak dwe pcar tp hubungan ku gek sendlap sendlup. Ak kdu py min ?'
817753197896814593,2017-01-07 15:22:10,"b'RT @sakngocehku: Dewasa kui ora terpatok karo umurmu sing soyo akeh, nanging tentang cara lan pola pikirmu #sakngocehku'"
817741838526201857,2017-01-07 14:37:01,b'Iwis konco ra ono rampung e\n\n#mohonsabariniujian'
817733174855757825,2017-01-07 14:02:36,b'RT @AyukkAy: He koe para kaum wanita. Pisan2 koe kudu macak jahat ben ora di sepelekne karo lanangan. Nek dibaperi yo baperi genti!'
817732704586207233,2017-01-07 14:00:44,b'@xherdi_ bth twer'
817732097628479492,2017-01-07 13:58:19,"b'RT @dewewani: Asline kabeh uwong ki bahagia, tapi dalam hal bedo-bedo.\n\nDadi yo maklum nek ono sik ngrebut bahagiane wong liyo, mesti wong\xe2\x80\xa6'"
817328812849385472,2017-01-06 11:15:48,b'2017 jeh jamane meri po ? Wah yo jelas\nButuh bukti ?\nKae konco ku sing saiki dapurane sok kecu kro ak \xf0\x9f\x98\x9d'
817322296243142657,2017-01-06 10:49:55,b'Jeneng e yo konco . Kene ono apik sitik lak yo meri \xf0\x9f\x98\x8angetok ngetok i nek ati mu kurang sodakoh \xf0\x9f\x98\x9d'
817315422831681536,2017-01-06 10:22:36,"b'RT @yowessory: Ojo ngelek-elek mantanmu, kuwi mbien lak yo seleramu to?'"
817036206001135617,2017-01-05 15:53:05,"b'RT @PrekkYa: Aku tak turu, ngangeni koe ki yo butuh leren barang mangsamuu'"
816966084372725760,2017-01-05 11:14:27,"b'RT @PrekkYa: Karang wong lio ki biasa mung ndelok elek e, ra iso ndelok pie rekasane berjuang'"
816321160635789312,2017-01-03 16:31:45,"b'RT @PrekkYa: Karang wong cilik senengane diutik2 salah sitik disirik2 yo mugo njenengan mlebet suargo, tapi nek iso sesuk esuk'"
816321060287094784,2017-01-03 16:31:21,"b'RT @OjoWatonOmong: Siji alesan ngopo aku mesti cengengesan rajelas pas ndeloke layar hp, aku bahagia nduwe kowe \xf0\x9f\x98\x98\xf0\x9f\x98\x89\xf0\x9f\x91\xab\xf0\x9f\x99\x8b'"
816094898570993664,2017-01-03 01:32:40,b'@Qoteeh_Runin25 @xherdi_ @a9_bulan @MusviyatiErlita sening'
816046279855783936,2017-01-02 22:19:29,"b'Bismilah, pertama sekolah \xf0\x9f\x92\xaa\xf0\x9f\x92\xaa \n@xherdi_ @a9_bulan @Qoteeh_Runin25 @MusviyatiErlita'"
815761462769528832,2017-01-02 03:27:43,b'RT @kulinodewe_: Sesuatu yang terlihat buram akan terlihat jelas pada waktunya -'
815200478560546820,2016-12-31 14:18:34,b'@Qoteeh_Runin25 asuh mesra e nada'
815199177588154368,2016-12-31 14:13:24,b'@Qoteeh_Runin25 emohh wedi tenar \xf0\x9f\x98\x8b'
815197759179366401,2016-12-31 14:07:46,b'@Qoteeh_Runin25 tambah salut\xf0\x9f\x98\x81'
815197405867978753,2016-12-31 14:06:21,b'@Qoteeh_Runin25 masa \xf0\x9f\x98\xaf\xf0\x9f\x98\xaf'
815190801521090560,2016-12-31 13:40:07,b'@Qoteeh_Runin25 qasima kok da'
815190801508483073,2016-12-31 13:40:07,b'@Qoteeh_Runin25 banyak nya bibrikan nada\xf0\x9f\x98\xaf perlu di apresiasi'
815190801504313344,2016-12-31 13:40:07,b'@xherdi_ ak trimo bakar telo\xf0\x9f\x98\x94sungguh prihatin kan'
815182911632588800,2016-12-31 13:08:46,b'@Qoteeh_Runin25 ihiirrr \xf0\x9f\x98\x82\xf0\x9f\x98\x82'
815172325406429184,2016-12-31 12:26:42,b'RT @AyukkAy: 2016? Matursuwun nggo segala kisah ning tahun iki. 2017? Mugo2 bakal dadi luwih apik ketimbang 2016\xf0\x9f\x99\x8f'
814811338539089920,2016-12-30 12:32:16,b'Sinyal e ilang seko siji ko koncone ani *ehh'
814783893295353856,2016-12-30 10:43:12,b'Koe ki jan ayu putih imut manis lan ngilani'
814747194272034816,2016-12-30 08:17:23,b'Nunggu bis rebutan yo nde ko byen pas aku merjuangke koe *ehh'
814675301410033665,2016-12-30 03:31:42,b'Meh 2017 ijeh menanti \xf0\x9f\x98\x80ndang eling jaman wes arep gnti kok jeh ngurusi sng wes lali \xf0\x9f\x98\x82\xf0\x9f\x98\x82'
814123406115225600,2016-12-28 14:58:40,b'Tfqt yo gondezQuh \xf0\x9f\x98\x81\xf0\x9f\x98\x81'
813612747657080832,2016-12-27 05:09:29,b'Di omng nang mburi ki rapopo\nitung2 sodakoh karo anake uwng \xf0\x9f\x98\x9c'
813608616166989824,2016-12-27 04:53:04,"b'Aku ki ddu artis kok lek urip ku di omngke wae \nUwes leren nek ngomongke aku , aku wedi tenar \xf0\x9f\x98\x82\xf0\x9f\x98\x9c'"
813603916755542016,2016-12-27 04:34:24,b'Jangan ngmong mantan itu setan kalau masih stalking akun mantan \xf0\x9f\x98\x9d\xf0\x9f\x98\x85'
813581955593666561,2016-12-27 03:07:08,"b'RT @KoncoMusiman: Kekancan ki nek ra enek sek pekok ra lucu je, dadi nek enek sek iso marai guyu ojo tok ece~'"
813581909133398016,2016-12-27 03:06:57,"b'RT @OjoWatonOmong: Aku heran mbe koe, hobi kok ngomongii aku neng mburi. Mbok ngomong langsung neng ngarepku. Malah tak kei sangu \xf0\x9f\x98\x8a\xf0\x9f\x99\x8f'"
813016603482734592,2016-12-25 13:40:38,b'RT @Hallonisa_: Jiwa mendesmu tulung dikondisikan\xf0\x9f\x98\x9a'
812670316828717056,2016-12-24 14:44:36,b'RT @Bayangno: LDR kuwi yen podo-podo percoyone ra mungkin bakal ono sing jenenge selingkuh. Kuncine saling percoyo siji lan sijine \xf0\x9f\x98\x8a #Sebtu\xe2\x80\xa6'
812465599863345152,2016-12-24 01:11:08,b'@xherdi_ haha kok iso'
812447596216094720,2016-12-23 23:59:36,"b'ket wingi uring uringan wae \nKena virus tetangga ya neng,  meletin aja \n\nTetangga masa gitu \xf0\x9f\x98\x9b\n@xherdi_'"
812444754726129664,2016-12-23 23:48:18,b'Mergo aku tibo aku saiki ngerti endi sing  bakale ngrangkul endi sing delok terus lungo kabur kanginan   \xf0\x9f\x91\x8e'
812276791276486657,2016-12-23 12:40:53,b'@a9_bulan karma ws ngawe awe kok \xf0\x9f\xa4\x93'
812275909646352385,2016-12-23 12:37:22,b'@a9_bulan kita senasib mbok.. ben ke cewek luih merdeka'
812275506288566272,2016-12-23 12:35:46,b'@a9_bulan sabar buk..'
812241124794376192,2016-12-23 10:19:09,b'Rasah ngurusi pribadi uwong.. Kowe ki gur penonton\nrong tau ngrasakke  jogeti simbok  \xf0\x9f\xa4\x94\nRene di bahagia in simbok\n\nTurunanSimbok \xf0\x9f\x98\x9c\xf0\x9f\x8e\xb6'
812239245431611393,2016-12-23 10:11:41,b'@xherdi_ telolett \xf0\x9f\x93\xa3\xf0\x9f\x93\xa3'
812232157405925377,2016-12-23 09:43:31,b'@xherdi_ cie cie skali lg cie'
812202094782361600,2016-12-23 07:44:04,b'RT @xherdi_: Liburan ???  trimo neng omah karo krungu suara telolet telolet aku wes seneng :)'
812062930061565952,2016-12-22 22:31:04,b'RT @reinmujaddid: cie yang liburan mainnya di kamar doang. :v'
811775120901435392,2016-12-22 03:27:25,b'Telolet telolet telolet'
811774616909680640,2016-12-22 03:25:25,b'@Qoteeh_Runin25 buth belaian da'
811774305931431936,2016-12-22 03:24:11,b'@Qoteeh_Runin25 aduh nadak gombalane'
811774031154118656,2016-12-22 03:23:05,b'@Qoteeh_Runin25 ditangkap simbok puron'
811773612789088256,2016-12-22 03:21:25,b'@Qoteeh_Runin25 \xf0\x9f\x98\x82 timbang kabur kanginan \xf0\x9f\x98\x81'
811772417181773824,2016-12-22 03:16:40,"b""@Qoteeh_Runin25 di telolet'in mau \xf0\x9f\x98\x81"""
811770909232988160,2016-12-22 03:10:41,b'RT @Qoteeh_Runin25: @AniMafiro turunan simbok po turunan hati kamu ke hati aku?'
811770855055245312,2016-12-22 03:10:28,b'@Qoteeh_Runin25 aduh di gombal nadak'
811724175664496640,2016-12-22 00:04:59,b'Happy mother day mak \xf0\x9f\x98\x98 maafin anak mu sng nakal iki \n@xherdi_ @a9_bulan'
811722992623370240,2016-12-22 00:00:17,b'@xherdi_ \xf0\x9f\x98\x82\xf0\x9f\x98\x82'
811722639190335488,2016-12-21 23:58:52,b'RT @xherdi_: Moga wae koe ora koyo sinyal sek kabur kanginan . yo ra @Animafiro'
811464684951859201,2016-12-21 06:53:51,b'@xherdi_ \xf0\x9f\x91\x89'
811429119711813634,2016-12-21 04:32:32,b'RT @xherdi_: Om Telolet Om'
811428019071913984,2016-12-21 04:28:10,b'Telolet gek trendding topik \xf0\x9f\x98\x80'
811426869161537536,2016-12-21 04:23:35,"b""RT @AyukkAy: Bahagia selalu koe sik tekan saiki ish ng ati. ojo lali dalan bali mu ya pas koe terlalu mlangkah adoh bareng dee:')"""
811426617515864065,2016-12-21 04:22:35,b'@xherdi_ masa allah tmben2an alay tweet.e \xf0\x9f\x98\x83'
811426464708993024,2016-12-21 04:21:59,"b'RT @AyukkAy: ""De.e"" . iyo dee, siji2 ne alasan ngopo aku iso mesem bahagia setiap harine\xf0\x9f\x92\x9e'"
808539593712599040,2016-12-13 05:10:35,b'RT @Kaikoyuliak_: Karna pada dasarnya. Yang benar benar sayang akan berjuang tanpa mengenal lelah dan lawan \xf0\x9f\x90\xa5'
808538934841987072,2016-12-13 05:07:58,b'RT @Kaikoyuliak_: Urip akeh masalah kui wajar. Nek kebak saweran kui dangdutan \xf0\x9f\x98\x82'
808537862257790976,2016-12-13 05:03:42,"b'RT @Novy_dp: Gincu lan alisku ,ora gawe aku lali carane wudhu,ora gawe aku lali sholat fardhu,ora lali ngucap doa nggo wong tuaku lan kangg\xe2\x80\xa6'"
808536550879293440,2016-12-13 04:58:30,b'RT @AyukkAy: Cen mungkin sikap tingkah ku kyo bocah. Tapi maaf soal hubungan lan perasaan aku rapernah main2!'
803092191081992192,2016-11-28 04:24:33,"b'RT @BajinganCantik_: Koe sekolah rung tau mbolos ? Berarti koe rung ngerti pie rasane mluncat pager bareng konco konco. Duh, indah e. Sekol\xe2\x80\xa6'"
803091857945149440,2016-11-28 04:23:14,"b'RT @Kaikoyuliak_: Menurutmu pie ? Hits ? \nOralah, aku gur anak ikut ikutan, tur ora hits. Penting duit jajan ora njaluk mak e pake \xf0\x9f\x98\x9b https:\xe2\x80\xa6'"
801754836102303748,2016-11-24 11:50:23,b'RT @xherdi_: Yang berjuang kalah sama yang beruntung..'
794752709790314496,2016-11-05 04:06:26,b'@xherdi_ ngundang cp wing'
793753656814297088,2016-11-02 09:56:33,b'RT @AyukkAy: Matursuwun wis selalu mengerti setiap keadaan. Matursuwun wis selalu mertahanke kabeh. Lan matursuwun iseh tetep karo aku~'
793751873912135681,2016-11-02 09:49:28,b'RT @AyukkAy: Tetep o dadi koe sayang sik selalu mencairkan suasana. Sik mampu gawe mesem ning tengah tangisku:*'
793751737219690498,2016-11-02 09:48:56,"b'@a9_bulan masak tante , jadi emess'"
793022785169817600,2016-10-31 09:32:20,"b'RT @hlayosorry: Andai dimas kanjeng radipenjoro, wis tak kon nggandakke kowe dek, men aku ra ngroso kelangan! pas kowe digondol liyane hmm\xe2\x80\xa6'"
793021928210587648,2016-10-31 09:28:55,"b'RT @BajinganCantik_: Aku ikhlas kalok kamu tinggalin. Tapi kalok kamu tiba tiba muntah keluar paku sama benang. Itu aku yang buat -,- wkwk'"
793020967362686976,2016-10-31 09:25:06,b'RT @BajinganCantik_: Aku cen ora sempurna. Tapi aku iso mencintai luwih seko segalanya\xf0\x9f\x98\xb3'
792920496887115776,2016-10-31 02:45:52,b'Teko embuh \xf0\x9f\x98\x94\xf0\x9f\x98\xb0@a9_bulan @xherdi_ \n#raDOng'
792919942156865536,2016-10-31 02:43:40,b'Fokus aja ya bang \xf0\x9f\x98\x98'
792919771322855425,2016-10-31 02:42:59,b'Rampung mburoh ya tante \xf0\x9f\x98\x98\xf0\x9f\x99\x86\xf0\x9f\x98\x80 @a9_bulan  @xherdi_ @MusviyatiErlita  @LinaAfifah07  @TivaniArdiana @Qoteeh_Runin25'
776727217967501312,2016-09-16 10:19:34,b'uripmu kurang mburoh mbak :v'
776716797470838784,2016-09-16 09:38:09,b'@xherdi_ mr nano nano to'
776716554117316608,2016-09-16 09:37:11,b'@xherdi_ emang tau kok cuy'
775861526326419456,2016-09-14 00:59:37,b'RT @AyukkAy: Koe njaluk sate wedus? Sate sapi? Opo sate ruse karo aku\xf0\x9f\x92\x83'
775860238624755712,2016-09-14 00:54:30,b'@xherdi_ huss saruu.. ngmong dwe po tak omngke'
775859982336073728,2016-09-14 00:53:29,b'@xherdi_ aku ngrty cuy kui knggo cp ??? \xf0\x9f\x98\x82\xf0\x9f\x98\x82'
764759264996884480,2016-08-14 09:43:11,"b'RT @AyukkAy: Suatu saat koe bakal paham, mergo opo dan demi opo aku tetep ning kene. Kui kabeh ra luwih mergo aku sayang lan pengen bahagia\xe2\x80\xa6'"
764759106146082817,2016-08-14 09:42:34,"b'RT @AyukkAy: Perkoro soal nyaman kui sakcukup e wae ojo terlalu. Wedine pas ws terlalu nyaman eh ditinggal lungo. Eling, cinta kui sadis nd\xe2\x80\xa6'"
764758553651351552,2016-08-14 09:40:22,"b'RT @AyukkAy: Sesuk koe bakal ngroso kelangan karo sing biasane ono saiki wes raono, sing biasane bingung goleki saiki wes ra peduli~'"
764753656470052864,2016-08-14 09:20:54,b'RT @xherdi_: kamu pasti bisa \xf0\x9f\x92\xaa kamu sekuat macan \xf0\x9f\x90\xaf@AniMafiro @a9_bulan'
759295955833192449,2016-07-30 07:53:57,"b'RT @wisnu_weykc: Pacaran dituntut perhatian, LDR dituntut wajib laporan, lha kui ki do pacaran opo ngurusi juragan?'"
759281584277188608,2016-07-30 06:56:51,b'@xherdi_ ngpo wik'
758903721094815745,2016-07-29 05:55:21,"b'RT @AyukkAy: Ambokyo koe nglarani aku, tapi kui rabakal iso ngilangi roso sayangku\xf0\x9f\x98\xa2'"
758901879724085248,2016-07-29 05:48:02,"b'RT @AyukkAy: Westau diyakinke sakyakin2e eh akhir e ditinggal demi wongliyo. Aku salut karo koe, karo atimu sing bakoh kui\xf0\x9f\x98\x8a'"
758901053458788352,2016-07-29 05:44:45,"b'RT @Radityadiiikan: Dalam rindu yang membludak, kau hanya bisa diam. Saat orang yang kau rindukan justru malah merindukan orang lain.'"
758501977034674176,2016-07-28 03:18:58,"b'RT @AyukkAy: PHO! Makhluk tuhan tak kasap mata sing ratau bahagia, bahagia o sementara\xf0\x9f\x98\x8f itu pun hasil seko ngrebut\xf0\x9f\x91\x8e benakno ponimu, nutupi\xe2\x80\xa6'"
758472378070409216,2016-07-28 01:21:21,"b'RT @Radityadiiikan: Iya, aku sadar kok. Aku kan bukan siapa-siapa kamu. Maka dari itu, kalo aku kangen sama kamu. Aku lebih sering diem kan\xe2\x80\xa6'"
740433481856077824,2016-06-08 06:41:13,b'RT @Radityadiiikan: Sesungguhnya perasaan ini cuma saya dan Tuhan yg tau. Seberapa besar rasa sayang saya ke kamu. :)'
740356241176723456,2016-06-08 01:34:17,b'rejeki anak soleh.. \xf0\x9f\x98\x83\xf0\x9f\x98\x9c\xf0\x9f\x98\x83\xf0\x9f\x98\x8d@herdistyles @a9_bulan'
732371668341907457,2016-05-17 00:46:27,b'@herdistyles @a9_bulan yang lain mana cuy'
731329660131237888,2016-05-14 03:45:53,b'@herdistyles ya makasih cuy'
727317114944516096,2016-05-03 02:01:27,"b""RT @Radityadiiikan: Jangan terlalu baik sama orang, karena jaman sekarang orang itu gak tau terimakasih :')"""
726248075430223872,2016-04-30 03:13:28,"b""RT @Radityadiiikan: Aku merindukan saat-saat pertama kita berkenalan, saat segalanya masih manis dan baik-baik saja. :')"""
726246694564700160,2016-04-30 03:07:59,b'RT @wisnu_weykc: Ojo dipikir abot-abot. Kuat dilakoni ora kuat tumpakke grobak.'
724777568562479104,2016-04-26 01:50:12,b'RT @wisnu_weykc: gedhe banget dadi gedhi.\nombo banget dadi ombi.\ndowo banget dadi dowi.\nutang kerep dadi lali.'
724777140151971842,2016-04-26 01:48:30,b'RT @herdistyles: Tfl yo Bang ....'
721596805264379904,2016-04-17 07:10:59,"b'RT @kata2bijak: jalanin hidupmu sendiri,tanpa harus berkomentar tentang hidup org lain,semua ada jalannya masing2 dan memilik masalah yang\xe2\x80\xa6'"
721585593201721344,2016-04-17 06:26:26,"b'RT @wisnu_weykc: Ditikung kuwi ming bahasa gaul e, arti sak tenane ki ""pacarmu geleman""'"
721583078204788736,2016-04-17 06:16:26,"b'RT @wisnu_weykc: Seneng kok gengsi, hambok gek ndang di utarakan isi hatimu kui timbang gur di pendem mung marai pegel ning ati'"
721184171020853248,2016-04-16 03:51:19,b'RT @wisnu_weykc: Malem minggu? ORA GUMUN!'
721183893236285440,2016-04-16 03:50:13,"b'RT @wisnu_weykc: Jenenge mantan kui ALUMNI, ibarat sekolah kui wes dilalui. Dadi ora bakal dibaleni. Tapi kadang yo iso reuni..'"
716942725052915713,2016-04-04 10:57:20,b'@a9_bulan sabar ndok..kita senasib'
714005112776056832,2016-03-27 08:24:19,b'RT @PocongSableng: Kamu dan Aku = SATU. SATU Hati untuk selamanya. Amin'
713292851925266434,2016-03-25 09:14:02,b'RT @YesiPras: memperingati hari baper sedunia :(  throwback #OTRAJAKARTA https://t.co/8QlWncixOr'
712585532811776000,2016-03-23 10:23:24,"b'RT @PocongSableng: Cinta itu gak ngajarin kita buat membalas rasa sakit. Justru berawal dari sakit, km bisa belajar ngerasain yg namanya ""b\xe2\x80\xa6'"
712147395136499712,2016-03-22 05:22:24,b'lagi di cueki .  . .'
711495047074676736,2016-03-20 10:10:12,"b'RT @PocongSableng: Hari Minggu menjelang sore, momen paling indah bersamamu yg paling aku kenang :)'"
709552212448423936,2016-03-15 01:30:04,"b""RT @Qoteeh_Runin25: enak banget ya kayaknya jadi travellers, ngelilingin dunia berdua sama orang yang kita sayang :')"""
709552172547977217,2016-03-15 01:29:55,b'@Qoteeh_Runin25 like'
709546335788077057,2016-03-15 01:06:43,b'RT @1DZCrew: Mas de Harry ayer en Londres. -M\n\xf0\x9f\x91\x80 https://t.co/qbY1HgMtcP'
709543830752636928,2016-03-15 00:56:46,b'RT @Taylorswift1636: Taylor :)))))))) http://t.co/JkdkH7om'
707849464661213184,2016-03-10 08:43:58,b'aku sing sabar aku sing dijahati. . . @a9_bulan'
707485658604969984,2016-03-09 08:38:20,b'jaga mata jaga hati @a9_bulan @herdistyles @MusviyatiErlita'
707484548544593920,2016-03-09 08:33:55,b'awas gowo matahari  https://t.co/Oz6NXE9qyb'
702060297033555968,2016-02-23 09:19:53,b'makasih ya @a9_bulan @MusviyatiErlita @herdistyles'
698462149711036416,2016-02-13 11:02:07,"b'RT @herdistyles: @MusviyatiErlita @AniMafiro tivany , yunett makasih banyak cuy \xe2\x98\xba\xf0\x9f\x98\x8d'"
698351439521849344,2016-02-13 03:42:12,b'saat sakit  menyerangn @a9_bulan'
698337602928119808,2016-02-13 02:47:13,b'RT @herdistyles: Kula ajeng ngarap bahasa Jawa @AniMafiro @a9_bulan'
698337578882207744,2016-02-13 02:47:07,b'RT @AnggiiEf3: aniii nge-like tweet guaa :v waaaaa serasa dunia milik sendirii :v hahaha @AniMafiro'
697000972522926080,2016-02-09 10:15:56,b'aku wes berusaha gawe apik .. ning apa daya ???'
697000727240028160,2016-02-09 10:14:57,b'jngan ber ubah ya @a9_bulan  @herdistyles  @MusviyatiErlita'
695819131858214912,2016-02-06 03:59:43,b'RT @herdistyles: @zaynmalik @AniMafiro @a9_bulan https://t.co/Uq5DqfJlMq'
695818684065927168,2016-02-06 03:57:56,b'@Rayafitrinur follback kak'
695191639019487232,2016-02-04 10:26:17,b'@15natashawilona follback kak'
695191305907908609,2016-02-04 10:24:58,b'kesabaran ku sedang diuji..'
695190940122624000,2016-02-04 10:23:30,b'RT @LNhuyee: Ciyeee yg lagi tatap\xc2\xb2an *Baper* @15natashawilona @steff_william  #AnakJalanan3eps @AJ_RCTI @AJLoversINDO @UpHastag https://t.c\xe2\x80\xa6'
695189940485775361,2016-02-04 10:19:32,b'RT @herdistyles: @AniMafiro https://t.co/FBDpfO07sc'
695189897032826881,2016-02-04 10:19:22,"b""RT @herdistyles: Good night Cuy Fam's @AniMafiro @a9_bulan https://t.co/xJINzIi7sX"""
694338986425192448,2016-02-02 01:58:09,b'@EkaGWijayanti FOLLBACk'
694337018898198528,2016-02-02 01:50:20,b'@MZRRDP follback kak'
694336117298966529,2016-02-02 01:46:45,b'@AnisaAmalia25 follback ya kak'
694335343412142080,2016-02-02 01:43:40,b'what do you mean?? @herdistyles @a9_bulan @MusviyatiErlita'
694335040172347393,2016-02-02 01:42:28,b'RT @a9_bulan: sini sini sama Om :v @herdistyles @AniMafiro @MusviyatiErlita'
694333306926559232,2016-02-02 01:35:35,b'@ilhahamu follback yaa . makasih'
694332312780013569,2016-02-02 01:31:38,b'@PocongSableng udh kak'
694331755130548224,2016-02-02 01:29:25,b'RT @herdistyles: OMG https://t.co/9M3dTQlw7t'
694331273267908608,2016-02-02 01:27:30,"b""RT @MemeComicIndo: Ngga neng, makasih :'v\n-Tes https://t.co/N5lATh08Bh"""
